id,description,English,Français
titleCase,Sets language to use in titleCase function,en,fr
title_yg,the page/website title,Water Data Explorer,Explorateur des données sur l’eau
title_public,the page/website title for public deployment,Water Data Explorer - Public,Explorateur des données sur l’eau - public
SEO_desc_yg,search engine description for Yukon Gov deployment,"Explore Yukon water, groundwater, hydrometric, snow, and water quality monitoring data through interactive maps, plots, tables, and downloads.","Explorez les donnees yukonnaises sur l'eau de surface, les eaux souterraines, l'hydrometrie, la neige et la qualite de l'eau au moyen de cartes, graphiques, tableaux et telechargements interactifs."
SEO_desc_public,search engine description for public deployment,"Explore water, groundwater, hydrometric, snow, and water quality monitoring data through interactive maps, plots, tables, and downloads. This is a public adaptation of the Yukon's Water Data Explorer","Explorez les données sur l'eau de surface, les eaux souterraines, l'hydrométrie, la neige et la qualité de l'eau au moyen de cartes, graphiques, tableaux et téléchargements interactifs. Il s'agit d'une adaptation publique de l'explorateur de données sur l'eau du Yukon."
home,homeNavTitle,Home,Accueil
maps,mapsNavMenuTitle,Maps,Cartes
maps_locs,mapsNavLocsTitle,Monitoring locations,Points de surveillance
maps_params,mapsNavParamsTitle,Current/past conditions,Données passées/actuelles
maps_raster,mapsNavRastersTitle,Rasters,Rasters
maps_snowbull,mapsNavSnowbullTitle,Snow conditions,Conditions de neige
plots,plotsNavMenuTitle,Plots,Graphiques
plots_discrete,plotsNavDiscTitle,Discrete,Discrètes
plots_mix,plotsNavMixTitle,Mixed data,Données mixtes
reports,reportsNavMenuTitle,Reports,Rapports
dashboards,dashboardsNavMenuTitle,Dashboards,Tableaux de bord
dashboards_flood,dashboardsNavFloodTitle,Flood conditions,Conditions d'inondation
reports_snow,reportsNavSnowstatsTitle,Snowpack statistics,Statistiques nivométriques
reports_water,reportsNavWaterTitle,Water level/flow statistics,Statistiques de niveau/débit d'eau
reports_flood,reportsNavFloodTitle,Flood dashboard,Tableau de bord des inondations
reports_wq,reportsNavWQTitle,Water quality,Qualité de l'eau
reports_snowbull,reportsNavSnowbullTitle,Snow bulletin and stats,Bulletin nivométrique et statistiques
reports_waterTemp,reportsNavWaterTempTitle,Water temperature,Température de l'eau
data,dataNavMenuTitle,Data,Données
images,imagesNavMenuTitle,Images,Images
images_table,imagesNavTableTitle,Table selection,À partir d'un tableau
images_map,imagesNavMapTitle,Map selection,À partir de la carte
documents,translation,Documents,Documents
authors,documentsModuleColAuthors,Authors,Auteurs
document_published,documentsModuleColPublished,Published,Date de publication
description,documentsModuleColDescription,Description,Description
format,documentsModuleColFormat,Format,Format
owner,,Owner,Propriétaire
contributor,documentsModuleColContributor,Contributor,Contributeur
document_select_prompt,documentsModuleSelectPrompt,Select a document to view details.,Sélectionnez un document pour voir ses détails.
tags,,Tags,Étiquettes
document_no_preview,documentsModuleNoPreview,Preview not available for this file type.,Aucun aperçu disponible pour ce type de fichier.
document_type_col,,document_type_en,document_type_fr
info,infoNavMenuTitle,Info,Information
info_about,infoNavAboutTitle,About,À propos
info_news,infoNavNewsTitle,Updates and changes,Mises à jour
fod_comments,FODNavTitle,Forecaster comments,Commentaires du prévisionniste
wwr_title,Well Registry title,Water Well Registry,Registre des puits d'eau
homeTitle_yg,Home page welcome message heading,Welcome to the Yukon Water Data Explorer,Bienvenue sur l'explorateur de données sur l'eau du Yukon
homeTitle_public,Home page welcome message heading,Welcome to the Water Data Explorer (public adaptation),Bienvenue sur l'explorateur de données sur l'eau (adaptation publique)
homeText_yg,Home page welcome message,"This application hosts real-time and historic water and climate data for the Yukon and surrounding regions gathered by the Government of Yukon and partners. You'll find data related to water quality (temperature, chemistry) and quantity (level/flow) along with snowpack measurements, precipitation, temperature data - and more.","Cette application donne accès à des données hydrologiques et climatiques passées et en temps réel pour le Yukon et les régions environnantes. Ces données sont recueillies par le gouvernement du Yukon et ses partenaires. Elle réunit des données sur la qualité de l’eau (température, composition chimique) et la quantité d’eau (niveaux, débits), ainsi que sur l’enneigement, les précipitations et la température, entre autres mesures."
homeText_public,Home page welcome message,"This application hosts real-time and historic water and climate data. This is a public, free-to-use adaptation of the Yukon's Water Data Explorer, an application developed to share data with the public. You'll find data related to water quality (temperature, chemistry) and quantity (level/flow) along with snowpack measurements, precipitation, temperature data - and more.","Cette application donne accès à des données hydrologiques et climatiques passées et en temps réel. Il s'agit d'une adaptation publique et gratuite de l'explorateur de données sur l'eau du Yukon, une application développée pour partager les données avec le public. Elle réunit des données sur la qualité de l’eau (température, composition chimique) et la quantité d’eau (niveaux, débits), ainsi que sur l’enneigement, les précipitations et la température, entre autres mesures."
home_discrete_continuous_title,Explainer for discrete vs continuous,How we organize our data,Au sujet de l'organisation des données
home_discrete_continuous,Explainer for discrete vs continuous,"We sort data as <b>discrete</b> or <b>continuous</b>. This depends on:<ul><li>measurement frequency</li><li>how the measurement was made</li><li>other relevant metadata</li></ul><br><b>What is discrete data?</b><br> Discrete data are snapshot observations collected manually (e.g.&nbspsnow depth) or by laboratory analysis. This data must have a description of how it was acquired, the analysis method, etc.<br><br><b>What is continuous data?</b><br>Continuous data is collected at regular, frequent intervals (e.g.&nbsphourly), mostly using automated instruments. Metadata include the instrument type and recording conditions.<br><br>","Les données sont classées en deux catégories : <b>discrètes</b> ou <b>continues</b>. Leur classement dépend de plusieurs facteurs :<ul><li>la fréquence des mesures;</li><li>la méthode de mesure;</li><li>d'autres métadonnées pertinentes.</li></ul><br><b>Que sont les données discrètes ?</b><br>Les données discrètes sont des observations ponctuelles recueillies manuellement (ex.&nbspprofondeur de neige) ou par analyse en laboratoire. Elles doivent être accompagnées d’une description de leur acquisition, de la méthode d’analyse, etc.<br><br><b>Que sont les données continues?</b><br>Les données continues sont collectées à intervalles réguliers et fréquents (ex.&nbspfréquence horaire), principalement à l’aide d’instruments automatisés. Les métadonnées incluent le type d’instrument utilisé et les conditions d’enregistrement.<br><br>"
home_map_locs_btn,button text,See a map of monitoring locations,Consulter la carte des points de surveillance
home_map_params_btn,button text,See a map of current or past conditions,Consulter la carte des conditions passées et actuelles
feedback_text,thumbs up down button text,Was this page helpful?,Avez-vous trouvé cette page utile?
submit,submit button text,Submit,Soumettre
feedback_placeholder_up,placeholder text,Optional: how did this page help you?,En quoi cette page vous a-t-elle été utile? (Facultatif)
feedback_placeholder_down,placeholder text,Optional: how can we improve this page?,Comment peut-on améliorer cette page? (Facultatif)
login_test_contact,,Contact us if you need a test account!,Contactez-nous si vous avez besoin d'un compte de test!
login_test_checkbox,,Test database,Base de données de test
un,username,Username,Nom d'utilisateur
pwd,password,Password,Mot de passe
login_success,modal title,Login successful,Connecté
login_success_msg,modal text,You are now logged in as,Vous êtes maintenant connecté comme
login_suggess_msg_testing,modal text for login on test,You are logged in to the TEST database. Any changes you make will not affect the primary database and are erased every night. Your username is,Vous êtes connecté à la base de données de TEST. Toutes les modifications que vous apportez n'affecteront pas la base de données primaire et sont effacées chaque nuit. Votre nom d'utilisateur est
login_fail,modal title,Login failed,Connexion échouée
login_fail_msg,modal text,Wrong username or password.,Nom d'utilisateur ou mot de passe incorrect.
login_fail_missing,modal text,Please enter both a username and password.,Entrez un nom d'utilisateur et un mot de passe.
login_fail_public_reader,modal text for login,public_reader is not allowed to log in,public_reader n'est pas autorisé à se connecter
login_fail_tester,modal text for login,tester account can only connect to the test database,le compte de test ne peut se connecter qu'à la base de données de test
login_fail_attempts,modal text,Too many login attempts. Please try again later.,Trop d'essais. Réessayez plus tard.
login_confirm,modal actionButton text,Log in,Se connecter
login,button text,Login,Connexion
logout,button text,Logout,Déconnexion
logout_inactive_title,modal title,Logged out due to inactivity,Déconnexion pour cause d'inactivité
logout_inactive_msg,modal text,You have been logged out due to inactivity. Please log in again to continue.,Vous avez été déconnecté en raison d'une période d'inactivité. Veuillez vous reconnecter pour continuer.
error,,Error,Erreur
errorModalTitle,pop-up error message title,Our apologies!,Désolé!
errorModalMsg,pop-up error message body,The feature you selected could not be loaded.,La fonctionnalité que vous avez sélectionnée n'a pas pu être chargée.
instructions,,How to use this interface,Utilisation de l'interface
params_map_module_instructions,,"This module shows you conditions as actual values or as a percentage of the historic range for that day of year. Switch between actual or historic range values usng the drop-down menu, and change the parameter displayed using the 'Edit parameter' button.","Ce module vous montre les conditions soit en valeurs réelles, soit en pourcentage de la plage historique pour ce jour de l'année. Basculez entre les valeurs réelles ou de la plage historique à l'aide du menu déroulant, et changez le paramètre affiché en utilisant le bouton « Modifier le paramètre »."
view_data_instructions_discrete,instructions,"<li>(Optional) Change the drop-down menus to narrow the list of samples.</li><li>Click 'Show samples' to view them in a table.</li><li>Select the samples you need, or use the button below the table to select all, then choose 'View X sample results' to go to the download screen.</li>","<li>Sélectionnez des valeurs dans les menus déroulants pour réduire la liste d’échantillons. (Facultatif)</li><li>Cliquez sur « Afficher les échantillons » pour les visualiser dans un tableau.</li><li>Sélectionnez les échantillons dont vous avez besoin ou cliquez sur le bouton « Tout sélectionner » sous le tableau, puis sur « Afficher X échantillons » pour accéder à l’écran de téléchargement.</li>"
view_data_instructions_continuous,instructions,"<li>(Optional) Change the drop-down menus to narrow the timeseries list.</li><li>Click 'Show timeseries' to view them in a table.</li><li>Select the timeseries you need, or use the button below the table to select all, then choose 'View X timeseries details' to go to the download screen.</li>","<li>Sélectionnez des valeurs dans les menus déroulants pour réduire la liste de séries temporelles. (Facultatif)</li><li>Cliquez sur « Afficher les séries temporelles » pour les visualiser dans un tableau.</li><li>Sélectionnez les séries temporelles dont vous avez besoin ou cliquez sur le bouton « Tout sélectionner » sous le tableau, puis sur « Afficher X séries temporelles » pour accéder à l’écran de téléchargement.</li>"
dl_num_rows,advice about number of rows selected (modal),Number of rows which will be returned:,Nombre de rangées à télécharger :
dl_num_results,,Number of results which will be returned:,Nombre de résultats à télécharger :
frequency,modal selection title,Frequency:,Résolution :
daily,modal selection,Daily (with statistics),Journalière (avec statistiques)
hourly,modal selection,Hourly + daily (with stats),Horaire + journalière (avec stats)
max,modal selection,Max + daily (with stats),Maximale + journalière (avec stats)
ts_subset_msg,modal message,Subset of data (first and last measurement per timeseries),Sous-ensemble de données (première et dernière mesures)
discrete_subset_msg,modal message,Subset of data (up to 3 results per sample),Sous-ensemble de données (jusqu'à 3 résultats par échantillon)
loc_meta_msg,modal message,Subset of location metadata (up to first three locations),Sous-ensemble des métadonnées des sites (jusqu'aux trois premiers endroits)
date_range_select_doy,,Start/end day of year (year is ignored),Dates de début/fin (l'année est ignorée)
date_start,continuous data selector,With data starting after,Avec des données à partir de
date_end,continuous data selector,With data ending before,Avec des données avant
dl_format,modal selection title,Choose a format,Sélectionnez un format
dl_format_no_xlsx,modal selection title,Choose a format (.xlsx not available over 1 million rows),Sélectionnez un format (.xlsx non disponible au-delà d'un million de lignes)
dl_format_xlsx,modal selection,.xlsx (Microsoft Excel workbook),.xlsx (fichier Microsoft Excel)
dl_format_csv,modal selection,.csv (multiple zipped files),.csv (multiples fichiers zippés)
dl_format_sqlite,modal selection,.sqlite (database),.sqlite (base de données)
dl_prep,notification for download,Preparing download...,Préparation du téléchargement...
no_samps_locs,notification of automatic reset,"This selection results in 0 corresponding measurements, location selector reset to its previous value.","Cette sélection ne correspond à aucune mesure, la sélection du point de surveillance a été réinitialisé à sa valeur précédente."
no_samps_sub_locs,notification of automatic reset,"This selection results in 0 corresponding measurements, sub-location selector reset to its previous value.","Cette sélection ne correspond à aucune mesure, la sélection de point de surveillance secondiare a été réinitialisé à sa valeur précédente."
no_samps_medias,notification of automatic reset,"This selection results in 0 corresponding measurements, media type selector reset to its previous value.","Cette sélection ne correspond à aucune mesure, la sélection de la matrice d'échantillonage a été réinitialisé à sa valeur précédente."
no_samps_types,notification of automatic reset,"This selection results in 0 corresponding measurements, sample type selector reset to its previous value.","Cette sélection ne correspond à aucune mesure, la sélection du type d'échantillon a été réinitialisé à sa valeur précédente."
no_ts_locs,notification of automatic reset,"This selection results in 0 corresponding timeseries, location selector reset to its previous value.","Cette sélection ne correspond à aucune série temporelle, la sélection du point de surveillance a été réinitialisé à sa valeur précédente."
no_ts_sub_locs,notification of automatic reset,"This selection results in 0 corresponding timeseries, sub-location selector reset to its previous value.","Cette sélection ne correspond à aucune série temporelle, la sélection du point de surveillance secondaire a été réinitialisé à sa valeur précédente."
no_ts_z,notification of automatic reset,"This selection results in 0 corresponding timeseries, depth/height selector reset to its previous value","Cette sélection ne correspond à aucune série temporelle, la sélection de la profondeur/hauteur a été réinitialisé à sa valeur précédente."
no_ts_medias,notification of automatic reset,"This selection results in 0 corresponding timeseries, media type selector reset to its previous value.","Cette sélection ne correspond à aucune série temporelle, la sélection de la matrice d'échantillonage a été réinitialisé à sa valeur précédente."
no_ts_agg,notification of automatic reset,"This selection results in 0 corresponding timeseries, aggregation type selector reset to its previous value.","Cette sélection ne correspond à aucune série temporelle, la sélection de type d'agrégation a été réinitialisé à sa valeur précédente."
no_ts_rate,notification of automatic reset,"This selection results in 0 corresponding timeseries, recording rate selector reset to its previous value.","Cette sélection ne correspond à aucune série temporelle, la sélection de la fréquence d'enregistrement nominale a été réinitialisé à sa valeur précédente."
continuous_subset_msg,,Subset of daily mean data (first and last result per timeseries),Sous-ensemble des moyennes journalières (premier et dernier résultat par série temporelle)
dl_additional_data,,"Tables for grades, approvals, qualifiers, and time-ranged notes will also be included as part of your download.","Des tableaux pour les qualificatifs, les cotes de qualité, les niveaux d’approbation et les remarques temporelles feront également partie de votre téléchargement."
filter,,Filter,Filtrer
apply,,Apply,Appliquer
param_modal,button text for modal,Filter by group/sub-group,Filtrer par groupe/sous-groupe
loc_modal,button text for modal,Filter by network/project,Filtrer par réseau/projet
tooltip_reset,tooltip text for resetting filters,Filters affect each other by limiting subsequent options. Reset to clear all filters.,Les filtres s'affectent mutuellement en limitant les options suivantes. Réinitialiser pour effacer tous les filtres.
year_filter,year filter title,Temporal range,Intervalle de temps
choose_locs,location selection title,Or choose one of more locations,Ou choisissez une ou plusieurs stations
tooltip_discrete_continuous,tool tips,Continuous = recorded at regular intervals automatically; Discrete = measurements or samples at variable intervals,Continues : enregistrées automatiquement à intervalles réguliers; Discrètes : mesures ou échantillons pris à intervalles variables
tooltip_discrete,tool tips,Measurements or samples taken at variable intervals,Mesures ou échantillons pris à des intervalles variables
tooltip_continuous,tool tips,Measurements recorded at regular intervals automatically,Mesures enregistrées automatiquement à intervalles réguliers
tooltip_sample_media,tool tips,Media in which sample or measurement was collected,Lieu de la prise de la mesure ou de l’échantillon
tooltip_utc7,table tool tips,UTC-7,UTC-7
tooltip_params_map_min_yrs,,"Minimum number of years on record to show the point. Especially useful when showing historic range to avoid points with very little data.","Nombre minimum d'années de données pour afficher le point. Utile surtout lors de l'affichage de la plage historique pour éviter les points avec très peu de données."
tooltip_params_map_date_within,,"Maximum number of days from the target date to include a measurement. Use a lower threshold for parameters that change quickly (e.g., temperature).","Nombre maximum de jours à partir de la date ciblée pour inclure une mesure. Utilisez un seuil plus bas pour les paramètres qui changent rapidement (par exemple, la température)."
filters,,Filters,Filtres
reset_filters,,Reset filters,Réinitialiser les filtres
view_samples,,Show samples,Afficher les échantillons
view_timeseries,,Show timeseries,Afficher les séries temporelles
view_data,text or button,View data,Afficher les données
document_download,documentsModuleDownload,Download document,Télécharger le document
download_button,Generic report download button,Download,Télécharger
download_report,Water temperature report download button,Download report,Télécharger le rapport
download_report_html,Dashboard report export button,Download HTML report,Télécharger le rapport HTML
dl_data,download data button,Download data,Télécharger des données
dl_data_discrete,,Download discrete (sample) data,Télécharger des données discrètes (échantillons)
dl_data_continuous,,Download continuous data,Télécharger des données continues
flood_export_help,Dashboard report export help,Download a self-contained HTML report for the selected community.,Téléchargez un rapport HTML autonome pour la collectivité sélectionnée.
view_data1,"text, part 1",View,Afficher les détails de
view_data2_discrete,"text, part 2",sample results,échantillons
view_data2_continuous,"text, part2",timeseries details,séries temporelles
select_all,button text,Select/deselect all,Sélectionner/dé-sélectionner tout
view_plots,button text,View plots,Voir les graphiques
view_plots_discrete,,Plot discrete (sample) data,Tracer des données discrètes (échantillons)
view_plots_continuous,,Plot continuous data,Tracer des données continues
nominal_rate,,Nominal recording rate,Fréquence d'enregistrement nominale
loc_groups,,Location groups,Groupes d'endroits
select_loc_group,,Select a location group,Sélectionnez un groupe d'endroits
select_param_group,,Select a parameter group,Sélectionnez un groupe de paramètres
select_loc_group_msg,,Please select one location group.,Choisissez un groupe d'endroits.
select_param_group_msg,,Please select one parameter group.,Choisissez un groupe de paramètres.
select_standard_opt,,Select a standard to apply (optional),Choisir une norme à appliquer (facultatif)
standard_warning,,Warning: this adds a lot of time for plot generation!,Attention : cela augmente beaucoup le temps de génération du graphique!
EQWin_db,,EQWin database,Base de données EQWin
img_type_lab,input label,Image Type,Type d'image
img_type_auto,input choice,Automatic (series),Automatique (série)
img_type_man,input choice,Manual (one-off),Manuelle (non-série)
map_options,,Map options,Options de la carte
map_load_addtional_layers,,Load additional layers,Charger des couches supplémentaires
date_range_lab,input label,Date Range,Intervalle de dates
date_sep,dateRangeInput separator, to , à
plot_select_multiple,,Select + plot multiple timeseries,Sélectionner + tracer plusieurs séries temporelles
plot_type,,Plot type,Type de graphique
plot_type_tooltip,,Timeseries plots show changes over time and can display multiple traces or subplots. Overlapping years plots help compare data from different years at the same location.,Les graphiques de longues séries temporelles montrent les changements au fil du temps et peuvent afficher plusieurs tracés ou sous-graphiques. Les graphiques d’années superposées permettent de comparer les données de différentes années pour un même point de surveillance.
plot_select_years,,Select years to plot,Sélectionnez les années à tracer
plot_select_yrs,,"For periods overlapping the new year, select the December year","Pour les périodes chevauchant la nouvelle année, sélectionnez l’année de décembre."
plot_long_time_to_plot,,Plotting can take a while for large time ranges at max resolution.,La génération du graphique peut prendre un certain temps pour les longs intervalles de temps à résolution maximale.
plot_resolution_lab,,Data resolution,Résolution des données
plot_resolution_max,,Maximum,Maximale
plot_resolution_hourly,,Hourly,Horaire
plot_resolution_daily,,Daily,Journalière
plot_timezone_offset,,Plot time zone (UTC offset),Fuseau horaire du graphique (décalage UTC)
plot_timezone_offset_placeholder,,Select UTC offset,Choisir le décalage UTC
plot_type_ts_many,,Timeseries (one per plot),Série temporelle (une par graphique)
plot_type_ts_all,,Timeseries (all on one plot),Séries temporelles (tous sur un graphique)
plot_type_overlap,,Overlapping years,Années superposées
plot_type_overlap_many,,Overlapping years (one timeseries per plot),Années superposées (un graphique par série temporelle)
plot_type_histogram,,Histogram,Histogramme
plot_type_histogram_many,,Histogram (one timeseries per plot),Histogramme (un graphique par série temporelle)
none_fm,,None,Aucune
none_m,,None,Aucun
plot_hist_range,,Plot historic range,Tracer la plage historique
plot_hist_range_select,,Historic range calculated with,Plage historique calculée avec
plot_hist_range_select_tooltip,,Choose whether the historic range should include all available years of record or only up to the last year shown on the plot.,Choisissez si la plage historique doit inclure toutes les années de données disponibles ou seulement jusqu’à la dernière année affichée sur le graphique.
plot_hist_range_meaningless,,"Historic ranges are based on daily values. They are disabled for sub-daily cumulative series such as precipitation, because a daily ribbon would be misleading on hourly or maximum-resolution plots.","Les plages historiques sont basées sur des valeurs quotidiennes. Elles sont desactivées pour les séries cumulatives à pas de temps sous-quotidien, comme les précipitations, parce qu'un ruban quotidien serait trompeur sur un tracé horaire ou à resolution maximale."
plot_extra_options,,Extra options,Options supplémentaires
plot_apply_vert_datum,,Apply vertical datum,Appliquer le référentiel vertical
plot_filter,,Filter extreme values,Filtrer les valeurs extrêmes
plot_show_unusable,,Show unusable data,Afficher les données inutilisables
plot_show_grades,,Show grades,Afficher les classe de qualité
plot_show_approvals,,Show approval levels,Afficher les niveaux d'approbation
plot_show_qualifiers,,Show qualifiers,Afficher les qualificatifs
notes,direct translation,Notes,Remarques
plot_notes_alert,,%s note(s) apply to the plotted data.,%s remarque(s) s’appliquent aux données affichées.
plot_notes_view,,View notes,Voir les remarques
plot_notes_title,,Notes for plotted data,Remarques sur les données affichées
plot_notes_load_error,,The plot was created but its notes could not be loaded.,Le graphique a été créé mais ses remarques n’ont pas pu être chargées.
plot_last_30,,Last 30 days,30 derniers jours
plot_all_record,,Entire record,Période entière
cont_table_intro,,Choose a timeseries from the table to plot.,Choisissez une série chronologique à représenter.
cont_table_heading,,Available timeseries,Séries temporelles disponibles
cont_table_tooltip1,Tooltip for the table header,"Instantaneous: conditions at the moment of recording. Mean, max, etc. summarize conditions over the interval between points. (min + max)/2 is the historical meteorological mean, based on daily extremes.","Instantané : conditions au moment de l’enregistrement. Moyenne, maximum, etc. : résumé des conditions sur l’intervalle entre les points. (min + max)/2 : moyenne météorologique historique, basée sur les extrêmes quotidiens."
cont_table_tooltip2,Tooltip for the table header,"Approximate recording rate for recent data. Some time series also include older data recorded at coarser intervals.","Fréquence d’enregistrement approximative pour les données récentes ; certaines séries contiennent aussi des données plus anciennes à des intervalles plus grossiers."
cont_table_plot_heading,,Plot options,Options du graphique
metadata,,Metadata,Métadonnées
location_metadata_heading,,Location metadata,Métadonnées du site
timeseries_metadata_heading,,Timeseries metadata,Métadonnées de la série chronologique
ownership_history_heading,,Ownership history,Historique de propriété
metadata_select_prompt,,Select a timeseries to view metadata.,Sélectionnez une série chronologique pour voir les métadonnées.
attribute,,Attribute,Attribut
timeseries_label,,Timeseries,Série chronologique
timeseries_id_label,,Timeseries ID,ID de la série chronologique
timeseries_type_label,,Timeseries type,Type de série chronologique
timeseries_type_description,,Timeseries type description,Description du type de série chronologique
expression_sql,,Expression SQL,Expression SQL
constituent_count,,Constituent count,Nombre de constituants
show_compound_timeseries_details,,Show composite/derived timeseries details,Afficher les détails de la série chronologique composite/dérivée
show_compound_timeseries_details_for,,Show composite/derived timeseries details for,Afficher les détails de la série chronologique composite/dérivée pour
compound_details_modal_title_for,,Composite/derived timeseries details for,Détails de la série chronologique composite/dérivée pour
compound_metadata_heading,,Composite/derived timeseries metadata,Métadonnées de la série chronologique composite/dérivée
constituents,,Constituents,Constituants
yes,,Yes,Oui
no,,No,Non
active,,Active,Actif
publicly_visible,,Publicly visible,Visible publiquement
depth,,Depth,Profondeur
path,,Path,Chemin
alias,,Alias,Alias
priority,,Priority,Priorité
use_from_utc,,Use from (UTC),Utiliser à partir de (UTC)
use_to_utc,,Use to (UTC),Utiliser jusqu'à (UTC)
alignment_tolerance,,Alignment tolerance,Tolérance d’alignement
reuse_values,,Reuse values,Réutiliser les valeurs
member_timeseries_id,,Member timeseries ID,ID de la série chronologique membre
alias_name,,Alias name,Nom d’alias
sensor_priority,,Sensor priority,Priorité du capteur
sensor_priority_primary,,Primary,Primaire
sensor_priority_secondary,,Secondary,Secondaire
sensor_priority_tertiary,,Tertiary,Tertiaire
stats_period,,Stats period,Période des statistiques
stats_period_last_30_years,,Last 30 years,30 dernières années
stats_period_entire_record,,Entire record,Toute la période
timeseries_already_selected,,Timeseries %s is already selected. Choose a different timeseries.,La série chronologique %s est déjà sélectionnée. Choisissez-en une autre.
add_another_timeseries,,Add another timeseries,Ajouter une autre série chronologique
histogram_transformation,,Transformation,Transformation
histogram_bin_units,,Bin units,Unités des intervalles
histogram_bin_width,,Bin width,Largeur de l’intervalle
histogram_min_completeness,,Min % of records to show bin (0-100),Pourcentage minimal d’enregistrements pour afficher l’intervalle (0-100)
histogram_show_completeness,,Show completeness % above bins,Afficher le pourcentage d’exhaustivité au-dessus des intervalles
histogram_sum,,Sum,Somme
histogram_minimum,,Minimum,Minimum
histogram_maximum,,Maximum,Maximum
histogram_mean,,Mean,Moyenne
histogram_integral,,Integral,Intégrale
time_unit_day,,Day,Jour
time_unit_week,,Week,Semaine
delete,,Delete,Supprimer
not_reached,,Not reached,Non atteint
well,,Well,Puits
borehole,,Borehole,Trou de forage
text_content_not_found,,Text content not found.,Contenu textuel introuvable.
image_content_not_found,,Image content not found.,Contenu de l’image introuvable.
unknown_content_type,,Unknown content type.,Type de contenu inconnu.
start_datetime_utc,,Start datetime (UTC),Date/heure de début (UTC)
end_datetime_utc,,End datetime (UTC),Date/heure de fin (UTC)
location_code_label,,Location code,Code du site
latitude,,Latitude,Latitude
longitude,,Longitude,Longitude
elevation_m,,Elevation (m),Altitude (m)
datum,,Datum,Référentiel
depth_height_m,,Depth/height (m),Profondeur/hauteur (m)
note,,Note,Note
media,,Media,Matrice
aggregation,,Aggregation,Agrégation
record_rate,,Record rate,Fréquence d'enregistrement
start_date,,Start date,Date de début
end_date,,End date,Date de fin
facet_on,,Split plots by,Diviser les graphiques par
facet_on_tooltip,,"Creates multiple plots, each showing one location or one parameter. The other variable appears as separate lines or points.","Crée plusieurs graphiques, chacun montrant un seul emplacement ou un seul paramètre. L’autre variable apparaît sous forme de lignes ou de points distincts."
use_log_scale,,Use logarithmic scale,Utiliser une échelle logarithmique
log_scale_warning,,Warning: points with negative values will be removed for log transformation.,Attention : les points ayant des valeurs négatives ne sont pas représentés avec l'échelle logarithmique.
share_x_axis,,Use the same X-axis bounds for all plots (dates line up),Utiliser le même axe X pour tous les graphiques (dates alignées)
share_y_axis,,Use the same Y-axis bounds for all plots (values are aligned),Utiliser le même axe Y pour tous les graphiques (valeurs alignées)
share_x_axis_tooltip,,Aligns the X-axis for all plots to make it easier to compare trends over time.,Aligne l'axe X de tous les graphiques pour faciliter la comparaison des tendances dans le temps.
share_y_axis_tooltip,,Aligns the Y-axis for all plots to make it easier to compare values across locations or parameters.,Aligne l’axe Y de tous les graphiques pour faciliter la comparaison des valeurs entre emplacements ou paramètres.
loc_code,,Choose how to display location names/codes,Choisissez comment montrer le nom/code des emplacements
name,,Name,Nom
code,,Code,Code
loc_code_nameCode,,Name (code),Nom (code)
loc_code_codeName,,Code (name),Code (nom)
target_datetime,,Use target date/time,Utiliser la date/le temps cible
target_datetime_tooltip,,"Some measurements use a set date to line up repeated readings. For example, snow surveys may be taken within a few days of the 1st of the month but are shown as if taken on the 1st.","Certaines mesures utilisent une date fixe pour aligner des relevés répétés. Par exemple, les relevés de neige peuvent être effectués quelques jours avant ou après le 1er du mois, mais sont affichés comme s’ils avaient été pris le 1er."
modify_plot_aes,,Change plot appearance,Modifier l'apparence du graphique
full_screen,,Full screen,Plein écran
language,,Language,Langue
show_x_grid,,Show X-axis gridlines,Afficher la grille de l'axe X
show_y_grid,,Show Y-axis gridlines,Afficher la grille de l'axe Y
num_rows,,Number of rows (leave blank for automatic),Nombre de lignes (laisser vide pour automatique)
colorblind_friend,,Color-blind friendly,Adapté au daltonisme
point_scale,,Point size factor,Facteur de taille des points
line_scale,,Line scale factor,Facteur de taille des lignes
modal_select_multi_not_null,,Please narrow selections to a single timeseries before adding another.,SVP sélectionner une seule sélection avant d'ajouter une nouvelle série temporelle.
modal_error_multi_trace,,"There are duplicate traces. Each trace must have a unique combination of location, sub-location, Z (height/depth), recording rate, aggregation type, parameter, and lead/lag","Des tracés en double ont été trouvés. Chaque tracé doit avoir une combinaison unique d’emplacement, de sous-emplacement, de Z (hauteur/profondeur), de fréquence d’enregistrement, de type d’agrégation, de paramètre et d’avance/retard."
first_plot_hints_standards,,"<p><strong>This plot is interactive.</strong> You can zoom or move it with the buttons at the top left, or by clicking and dragging with your mouse.</p><ul><li>Double-click a legend entry to show only that series of timeseries; double-click again to show all.</li><li>Click a legend entry once to hide or show a timeseries.</li></ul><p><strong>Symbols:</strong></p><ul><li>Values above/below the detection limit → <strong>stars</strong> (✱)</li><li>Standard/guideline values → <strong>lines</strong></li></ul>","<p><strong>Ce graphique est interactif.</strong> Vous pouvez zoomer ou le déplacer avec les boutons en haut à gauche, ou en cliquant et en faisant glisser la souris.</p><ul><li>Double-cliquez un élément de la légende pour n’afficher que cette série; double-cliquez de nouveau pour tout afficher.</li><li>Cliquez une fois sur un élément de la légende pour masquer ou afficher une série.</li></ul><p><strong>Symboles&nbsp; :</strong></p><ul><li>Valeurs au-dessus/en dessous de la limite de détection → <strong>étoiles</strong> (✱)</li><li>Valeurs de référence/normes → <strong>lignes</strong></li>"
first_plot_hints_no_standards,,"<p><strong>This plot is interactive.</strong> You can zoom or move it with the buttons at the top left, or by clicking and dragging with your mouse.</p><ul><li>Double-click a legend entry to show only that series of timeseries; double-click again to show all.</li><li>Click a legend entry once to hide or show a timeseries.</li></ul>","<p><strong>Ce graphique est interactif.</strong> Vous pouvez zoomer ou le déplacer avec les boutons en haut à gauche, ou en cliquant et en faisant glisser la souris.</p><ul><li>Double-cliquez un élément de la légende pour n’afficher que cette série; double-cliquez de nouveau pour tout afficher.</li><li>Cliquez une fois sur un élément de la légende pour masquer ou afficher une série.</li></ul>"
first_plot_hints_standards_short,,<p>Values above/below the detection limit are shown with <strong>stars</strong> (✱).<br><br>Standard/guideline values are shown with <strong>lines</strong>.</p>,<p>Les valeurs au-dessus/en dessous de la limite de détection sont affichées avec des <strong>étoiles</strong> (✱).<br><br>Les valeurs de référence/normes sont affichées avec des <strong>lignes</strong>.</p>
lead_lag,,Lead/lag in hours,Avance/retard en heures
guideline_scale,,Guideline/standard scale factor,Facteur de taille des standards
axis_scale,,Text and values scale factor,Facteur des tailles du texte et des valeurs
legend_scale,,Legend text size factor,Facteur de taille de la légende
optional_placeholder,placeholder text,Optional…,Facultatif…
mandatory_placeholder,placeholder text,Select a parameter,Sélectionnez un paramètre
map_mapType,,Map type,Type de carte
map_date_select,,Select a date,Sélectionnez une date
map_date_within,,With data within ... day(s) at most,Avec données dans un délai de … jour(s) au plus
map_date_within_selected1,,and data within,et données dans un délai de
map_date_within_selected2,,day(s) or less of target date,jour(s) ou moins de la date ciblée
render_map,,Create map,Créer la carte
map_min_yrs,minimum number of years to use historic range stats,With at least … years of record,Avec au moins … années de mesures
map_min_yrs_selected1,,with at least,avec au moins
map_min_yrs_selected2,,years of record,années de mesures
map_target_date,target date for historical range map,Target date,Date ciblée
map_actual_values,,Actual values,Valeurs actuelles
value,,Value,Valeur
map_relative,,% historic range,% plage historique
date,,Date,Date
map_actual_yrs,,Years of record,Années de mesures
map_actual_hist_range,,Historic range,Plage historique
map_one_parameter,,One parameter,Un paramètre
map_two_parameter,,Two parameters,Deux paramètres
map_latest_measurements,,Latest measurements,Plus récentes mesures
map_latest_auto_update,,Update every 15 minutes,Actualiser toutes les 15 minutes
map_auto_update_notification,,Measurements updated,Mesures actualisées
map_latest_measurements_modal,,"<b>Note</b>: Latest measurements are compared to the <i>average</i> values for the same day in past years. Keep this in mind for parameters that change a lot during the day, like temperature.","<b>Remarque</b> : Les mesures les plus récentes sont comparées aux valeurs <i>moyennes</i> de la même journée dans les années passées. Ceci impacte surtout les paramètres qui varient beaucoup au cours d’une journée, comme la température."
map_primary_param,,Primary parameter,Paramètre primaire
map_edit_primary_param,,Edit primary parameter,Modifer paramètre primaire
map_edit_primary_param_solo,,Edit parameter,Modifier le paramètre
map_second_param,,Secondary parameter,Paramètre secondaire
map_add_second_param,,Add secondary parameter,Ajouter paramètre secondaire
map_edit_second_param,,Edit secondary parameter,Modifier paramètre secondaire
map_rm_second_param,,Remove secondary parameter,Enlever paramètre secondaire
map_edit_aes,,Edit map aesthetics,Modifier l'esthétique de la carte
gen_waterInfo_info,,"This function is intended to facilitate the reporting of hydrology data by compiling basic statistics (years of record, months of operation, min, max, etc.), trend information (Mann-Kendall direction and p-value, Sen's slope), and creating simple plots of level (for lakes) or flow for all requested locations.<br><br>Please note that this is not a polished output and is to be used strictly for informational purposes.<br>In particular, note that very little of the data underlying the calculated trends has been cleaned or certified as correct by a human.","Cette fonction est conçue pour faciliter le rapport des données hydrologiques en compilant des statistiques de base (années de relevés, mois d’exploitation, minimum, maximum, etc.), des informations sur les tendances (direction de Mann-Kendall et valeur-p, pente de Sen) et en générant des graphiques simples du niveau (pour les lacs) ou du débit pour tous les emplacements demandés.<br><br>Veuillez noter qu’il ne s’agit pas d’un résultat finalisé, mais d’un outil strictement destiné à des fins informatives.<br>En particulier, veuillez noter que très peu des données sous-jacentes aux tendances calculées ont été nettoyées ou certifiées comme correctes par un humain."
gen_waterInfo_param_select,,One parameter or both,Un ou deux paramètres
gen_waterInfo_param_select_one,,"One (flow where exists, else level)","Un (débit si existe, autrement niveau)"
gen_waterInfo_param_select_both,,Both (flow and level where both exist),Deux (débit et niveau lorsque existent)
gen_loc_select,,"Select one, many, or all locations","Sélectionnez un, plusieurs, ou tous les endroits"
gen_no_loc,,Select at least one location.,Sélectionnez au moins un endroit.
gen_waterInfo_end_date,,Last day to use for calculations,Dernière date à considérer pour les calculs
gen_waterInfo_min_months,,Months in which to look for minimums,Mois dans lesquels rechercher les valeurs minimum
gen_waterInfo_max_months,,Months in which to look for maximums,Mois dans lesquels rechercher les valeurs maximum
gen_waterInfo_prct_miss,,Max % missing data to retain annual value (in months of interest),Max % de données manquantes pour retenir une valeur annuelle (dans les mois d'intérêt)
gen_generate_plots,,Generate plots,Générer les graphiques
gen_waterInfo_ptype,,Min/max on single plot or separate,Min/max sur le même graphique ou séparé
gen_waterInfo_ptype_combine,,Single,même
separate,,Separate,séparés
gen_wqReport_info,,"This function allows you to create a water quality report by selecting locations, parameters, and dates. Results can be compared to guideline or criteria values present in the AquaCache database.<br><br>Please note that this is an experiemental product. Always check the validity of results and guideline/criteria values before using them for decision-making.","Cette fonction vous permet de créer un rapport sur la qualité de l’eau en sélectionnant des emplacements, des paramètres et des dates. Les résultats peuvent être comparés aux valeurs de référence ou aux critères présents dans la base de données AquaCache.<br><br>Veuillez noter qu’il s’agit d’un produit expérimental. Vérifiez toujours la validité des résultats et des valeurs de référence/critères avant de les utiliser pour la prise de décision."
gen_snowInfo_info,,"This function is intended to facilitate the reporting of snowpack data by compiling basic statistics (years of record, months of sampling, min, max, etc.), trend information (Mann-Kendall direction and p-value, Sen's slope), and creating simple plots of snow depth, snow water equivalent (SWE), and density for all requested locations.<br><br>Please note that this is not a polished output and is to be used strictly for informational purposes.","Cette fonction est conçue pour faciliter le rapport des données sur le manteau neigeux en compilant des statistiques de base (années de relevés, mois d’échantillonnage, minimum, maximum, etc.), des informations sur les tendances (direction de Mann-Kendall et valeur-p, pente de Sen) et en générant des graphiques simples de la profondeur de neige, de l’équivalent en eau de neige (ÉEN) et de la densité pour tous les emplacements demandés.<br><br>Veuillez noter qu’il ne s’agit pas d’un résultat finalisé, mais d’un outil strictement destiné à des fins informatives."
gen_snowInfo_inactive,,Include inactive locations,Inclure les emplacements inactifs
gen_snowInfo_complete,,Complete years only,Années complètes seulement
gen_snowInfo_ptype,,Combined or separate plots,Graphiques séparés ou combinés
gen_snowInfo_ptype_combine,,Combined,combinés
gen_snowBul_info,,"This function allows you to create Excel workbooks with the statistics used in creating the Snow Bulletin, or to create the entire Snow Bulletin Word document.","Cette fonction vous permet de créer des documents Excel qui contiennent les statistics utilisées lors de la création du bulletin de conditions de neige, ou de créer le bulletin de neige en document Word."
gen_snowBul_toggle_stats,,Statistics,Statistiques
gen_snowBul_toggle_bulletin,,Bulletin,Bulletin
gen_snowBul_year,,Year,Année
gen_waterTemp_info,,"Use this module to build water temperature plots and a report bundle consisting of plots in PNG format, an HTML report, and R data files for further work-up.<br><br>To get started, select a timeseries, select your desired plotting options, and click 'Create Report Figures'.<br>Once the plots are made you can generate and download the report bundle.<br><br><b>Note</b>: This module was created on behalf of and with funding by the Council of Yukon First Nations.","Utilisez ce module pour créer des graphiques de température de l'eau et un ensemble de fichiers comprenant des graphiques au format PNG, un rapport HTML et des fichiers de données R pour travail ultérieur.<br><br>Pour commencer, sélectionnez une série chronologique, les options de tracé souhaitées, puis cliquez sur « Créer les figures du rapport ».<br>Une fois les graphiques créés, vous pouvez générer et télécharger l'ensemble du rapport.<br><br><b>Remarque</b> : Ce module a été créé pour le Conseil des Premières Nations du Yukon et avec son financement."
month,,Month,Mois
gen_snowBul_basins,,Basins,Basins versants
gen_snowBul_lang,,Bulletin language,Langue du bulletin
gen_snowBul_precip_period,,Period of record for precip stats,Période à utiliser pour les statistiques de précipitation
gen_snowBul_cddf_period,,Period of record for CDDF stats,Période à utiliser pour les statistiques de DJGC
gen_snowBul_period1,,Last 40 years,40 dernières années
all_yrs_record,,All years of record,Toutes les années disponibles
last_yr_only,,Up to last plotted year,Jusqu'à la dernière année tracée
gen_snowBul_period3,,1981-2010,1981-2010
gen_snowBul_period4,,1991-2020,1991-2020
gen_snowBul_scale,,Plot scale,Échelle des graphiques
gen_snowBul_error_stats,,Error generating snow bulletin stats Excel tables,Échec lors de la création des tableaux de statistiques
gen_snowBul_error_report,,Error generating snow bulletin Word document,Échec lors de la création du rapport Word
add_trace,,Add trace,Ajouter un tracé
modify_trace,,Modify trace,Modifier le tracé
remove_trace,,Remove trace,Enlever le tracé
add_subplot,,Add subplot,Ajouter un sous-graphe
modify_subplot,,Modify subplot,Modifier le sous-graphe
remove_subplot,,Remove subplot,Enlever le sous-graphe
add_subplot_trace_tooltip,,"Click 'Add trace' to overlay a new timeseries on the same plot, or 'Add subplot' to create a separate panel.","Cliquez sur « Ajouter un tracé » pour superposer une nouvelle série temporelle sur le même graphique, ou sur « Ajouter un sous-graphe » pour créer un panneau séparé."
well_purpose,,Well purpose,Usage des puits
well_name_contains,,Well name contains,Le nom du puits contient
well_name_contains_placeholder,,e.g. YOWN,ex. YOWN
starts_with,,Starts with,Commence par
ends_with,,Ends with,Se termine par
case_sensitive,,Case sensitive,Respect de la casse
location_name_contains,,Location name/code contains,Le nom/code du point contient
location_name_contains_placeholder,,e.g. Yukon or 09EA001,ex. Yukon ou 09EA001
well_completion_yr,,Well completion year,Année d'achèvement
include_unknown_well_completion,,Include wells with unknown completion year,Inclure les puits ou l'année d'achèvement est inconnue
include_missing_well_depth,,Include wells with missing depth,Inclure les puits où la profondeur est manquante
include_missing_well_depth_to_water,,Include wells with missing depth to water,Inclure les puits où la profondeur jusqu'à l'eau est manquante
include_missing_well_depth_to_bedrock,,Include wells with missing depth to bedrock,Inclure les puits où la profondeur jusqu'au substratum rocheux est manquante
borehole_well_scope,,Boreholes to show,Trous de forage à afficher
show_boreholes_with_wells,,Show boreholes with wells,Afficher les forage avec puits
show_boreholes_without_wells,,Show boreholes with no wells,Afficher les forage sans puits
show_all_boreholes,,Show all,Tout afficher
borehole_purpose,,Borehole purpose,Usage du forage
well_or_borehole_purpose,,Well or borehole purpose,Usage du puits ou du forage
borehole_unnamed,,Unnamed borehole,Trou de forage sans nom
borehole_well_purpose_col,,purpose_name,purpose_name_fr
licence_title,,Using data from this application,Utilisation des données de l'application
licence1,,"The data, reports, and plots generated from this application are licenced under the Government of Yukon's ","Les données, rapports et graphiques générés à l'aide de cette application sont régis par la "
licence2,,Open Government Licence,licence ouverte du gouvernement du Yukon
licence_url,,https://yukon.ca/en/your-government/open-government/open-government-licence-yukon,https://yukon.ca/fr/votre-gouvernement/gouvernement-ouvert/gouvernement-ouvert-licence-du-yukon
licence3,,"Please note that some datasets provided through this application are sourced from external organizations (e.g., the Water Survey of Canada). Such data may be subject to their own licensing terms which apply in addition to the Government of Yukon licence. Users are responsible for reviewing and complying with any applicable third-party licences.","Veuillez noter que certains jeux de données consultables à partir de l’application proviennent de sources externes (ex. Relevés hydrologiques du Canada). Par conséquent, ces données peuvent être assujetties à d’autres conditions, qui s’appliquent en plus de celles prévues par la licence du gouvernement du Yukon. Il incombe à l’utilisateur de prendre connaissance des licences de tiers applicables et de s’y conformer."
about_title2,title,About this application,À propos de l'application
about_fun_facts_title,title,Fun facts,Quelques faits amusants
about_fun_fact_timeseries,content,"We host %s timeseries with about %s measurements.","Notre base de données héberge %s séries temporelles qui illustrent environ %s mesures."
about_fun_fact_samples,content,"We have %s samples with about %s associated results.","Notre base de données recense %s échantillons dont découlent environ %s résultats."
about_fun_fact_wells,content,"The Water Well Registry includes %s water wells.","Le registre des puits d'eau compte %s puits d'eau."
about_content2,content,"This web site was built using R Shiny, allowing us to take advantage of the R programming language's strengths in data handling and visualization. The application code is packaged with many other useful functions beyond those shown here, and is publicly viewable at ","Le site Web a été créé avec R Shiny, ce qui nous permet de tirer parti des points forts du langage de programmation R pour le traitement et la visualisation des données. Le progiciel qui contient le code de l’application regroupe de nombreuses autres fonctions utiles, au-delà de celles présentées ici. Il est accessible publiquement au "
about_content3,content,"The data is stored in a database that is maintained and updated mostly through automated workflows, powered by another R package available at ","Les données sont stockées dans une base maintenue et mise à jour principalement par des flux de travail automatisés, propulsés par un autre progiciel R, disponible au "
about_content4_yg,content," This database contains continuous (timeseries) data, water chemistry data, spatial data, various types of metadata, and more, helping us paint a complete picture of water and climate conditions across Yukon in real time."," Cette base de données contient, entre autres, des données continues (séries temporelles), des données de chimie de l’eau, des données spatiales et divers types de métadonnées qui nous aident à brosser en temps réel un portrait complet des conditions hydrologiques et climatiques au Yukon."
about_content4_public,content," This database contains continuous (timeseries) data, water chemistry data, spatial data, various types of metadata, and more, helping us paint a complete picture of water and climate conditions for the public. It is a public adaptation of the Yukon Government's AquaCache database schema."," Cette base de données contient, entre autres, des données continues (séries temporelles), des données de chimie de l’eau, des données spatiales et divers types de métadonnées qui nous aident à brosser en temps réel un portrait complet des conditions hydrologiques et climatiques dont nous disposons pour le public. Il s’agit d’une adaptation publique du schéma de base de données AquaCache du gouvernement du Yukon."
about_content5,content,"We welcome collaborations with academic institutions and other government partners. Both R packages are licensed under AGPLv3 so that others can use and adapt these tools while ensuring that improvements remain available to the public.","Nous accueillons avec plaisir les collaborations avec des établissements universitaires et d’autres partenaires gouvernementaux. Les deux progiciels R sont distribués sous licence AGPLv3, ce qui permet à d’autres de les utiliser et de les adapter tout en veillant à ce que les améliorations demeurent accessibles au public."
about_url_ygwater,url,https://github.com/YukonWRB/YGwater,https://github.com/YukonWRB/YGwater
about_url_aquacache,url,https://github.com/YukonWRB/AquaCache,https://github.com/YukonWRB/AquaCache
current_software,,Current software and database status:,Version du logiciel et de la base de données
app_version1,,Application version,Application version
app_version2,,connected to AquaCache database revision ,connectée à la base de données AquaCache révision
app_version3,,revision,révision
data_type,direct translation,Data Type,Types de données
data_format,direct translation,Data Format,Format des données
unknown,,Unknown,Inconnu
cluster_points_label,,Cluster points,Regrouper les points
location_type_legend,,Location type,Type d’emplacement
loc,direct translation,Location,Point de surveillance
locs,,Locations,Points de surveillance
loc(s),,Location(s),Point(s) de surveillance
select_locs,,Select locations,Sélectionnez des points de surveillance
pl_select_loc,,Please select a location.,SVP sélectionner un point de surveillance
pl_select_param,,Please select a parameter,SVP sélectionner un paramètre
sub_loc,,Sub-location,Point secondaire
sub_loc(s),,Sub-location(s),Points secondaires
z,,Depth/height (meters),Profondeur/hauteur (mètres)
continuous,direct translation,Continuous,Continues
discrete,direct translation,Discrete,Discrètes
type,direct translation,Type,Type
media_type,,Sample media,Matrice de l'échantillon
media_type(s),direct translation,Sample media(s),Matrices des échantillons
sample_type(s),,Sample type(s),Type d'échantillon
aggregation_type,,Aggregation type,Type d'agrégation des mesures
aggregation_type(s),,Aggregation type(s),Type d'agrégation des mesures
param_group,direct translation,Parameter group,Groupe de paramètres
param_groups,direct translation,Parameter groups,Groupes de paramètres
param_sub_group,direct translation,Parameter sub-group,Sous-groupe de paramètres
param_sub_groups,direct translation,Parameter sub-groups,Sous-groupes de paramètres
group,direct translation,Group,Groupe
parameter,direct translation,Parameter,Paramètre
parameters,direct translation,Parameters,Paramètres
parameter(s),direct translation,Parameter(s),Paramètre(s)
select_params,,Select parameters,Sélectionnez des paramètres
project,direct translation,Project,Projet
projects,direct translation,Projects,Projets
project(s),direct translation,Project(s),Projet(s)
select_project,,Select project(s),Sélectionnez un/des projets
network,direct translation,Network,Réseau
networks,direct translation,Networks,Réseaux
network(s),direct translation,Network(s),Réseau(x)
select_network,,Select network(s),Sélectionnez un/des réseaux
units,direct translation,Units,Unités
period,direct translation,Period,Période
category,direct translation,Category,Catégorie
measurement_type,,Measurement type (frequency),Type de mesure (fréquence)
reset,direct translation,Reset,Réinitialiser
reset_view,,Reset view,Réinitialiser la vue
refresh_images,,Refresh images,Rafraîchir les images
all_f,,All,Toutes
all_m,,All,Tous
all_locs,,All locations,Tous les endroits
from,direct translation,from,de
to,direct translations,to,à
from_utc_offset,direct translation,From (UTC-7),De (UTC-7)
to_utc_offset,direct translations,To (UTC-7),À (UTC-7)
start,direct translation,Start,Début
end,direct translations,End,Fin
start_utc_offset,direct translation,Start (UTC-7),Début (UTC-7)
end_utc_offset,direct translations,End (UTC-7),Fin (UTC-7)
datetime,direct translation,Date/Time,Date/temps
datetime_utc_offset,direct translation,Date/Time (UTC-7),Date/temps (UTC-7)
time_of_day_utc7,direct translation,Time of day (UTC-7),Temps de la journée (UTC-7)
settings,direct translation,Settings,Paramètres
save,,Save,Enregistrer
create_report,,Create report,Créer le rapport
close,modal actionButton text,Close,Fermer
cancel,,Cancel,Annuler
create_plot,,Create plot,Créer le graphique
processing,,Processing…,Traitement en cours…
jan,,January,janvier
feb,,February,février
mar,,March,mars
apr,,April,avril
may,,May,mai
jun,,June,juin
jul,,July,juillet
aug,,August,aout
sep,,September,septembre
oct,,October,octobre
nov,,November,novembre
dec,,December,décembre
generating_working,,Working…,Travail en cours…
english,,English,Anglais
francais,,French,Français
tbl_info,DT internationalization, _TOTAL_ records,_TOTAL_ résultats
tbl_info_empty,DT internationalization,No records to show!,Rien à voir ici!
tbl_prev,DT internationalization,Previous,Précédent
tbl_next,DT internationalization,Next,Prochain
tbl_search,DT internationalization,Search:,Rechercher
tbl_length,DT internationalization,Show _MENU_ records,Afficher _MENU_ résultats
tbl_filtered,DT internationalization,(filtered from _MAX_ records),(filtrées de _MAX_ résultats)
tbl_zero,DT internationalization,No matching records found,Aucunes données existantes
param_name_col,DB column selection ,param_name,param_name_fr
media_type_col,DB column selection ,media_type,media_type_fr
param_group_col,DB column selection ,group_name,group_name_fr
param_sub_group_col,DB column selection ,sub_group_name,sub_group_name_fr
generic_name_col,DB column selection,name,name_fr
sample_type_col,,sample_type,sample_type_fr
sub_location_col,,sub_location_name,sub_location_name_fr
aggregation_type_col,,aggregation_type,aggregation_type_fr
changepwd_nav,nav panel title,Change password,Changer le mot de passe
current_pw,label,Current password,Mot de passe actuel
new_pw,label,New password,Nouveau mot de passe
confirm_pw,label,Confirm new password,Confirmer le nouveau mot de passe
pw_change_btn,button text,Change password,Modifier le mot de passe
pw_change_success,modal text,Password updated successfully.,Mot de passe mis à jour avec succès.
pw_change_fail_match,modal text,New passwords do not match.,Les nouveaux mots de passe ne correspondent pas.
pw_change_fail_current,modal text,Current password incorrect.,Mot de passe actuel incorrect.
pw_change_title,modal title,Change password,Changer le mot de passe
pw_change_prohibited,modal text,Password change prohibited for this user.,Changement de mot de passe interdit pour cet utilisateur.
snowbull_relative_median,,Percent of Median,Pourcentage de la médiane historique
snowbull_percent_of_normal,,Percent of Normal,Pourcentage de la normale
snowbull_historical_median,,Historical Median,Médiane historique
snowbull_anomalies,,Anomalies,Anomalies
snowbull_deviation,,Deviation from Normal,Écart par rapport à la normale
snowbull_values,,Values,Valeurs
snowbull_swe,,Snow Water Equivalent,Équivalent en eau de la neige
snowbull_swe_abbrev,,SWE,ÉEN
temperature,,Temperature,Températures
precipitation,,Precipitation,Précipitations
snowbull_percentile,,Percentile,Percentile
snowbull_details,,Map details,Détails de la carte
app_version,,Current application version:,Version actuelle de l'application :
snowbull_gen_on,,Map generated on,Carte générée le
snowbull_disclaimer,,<i>Disclaimer:</i> Basin average estimates may differ slightly from archived bulletins.,<i>Avertissement :</i> Les estimations moyennes par bassin peuvent différer légèrement des bulletins archivés.
snowbull_map_credits,,Basemap:</b> Esri World Imagery,Crédits de la carte de base :</b> Imagerie mondiale Esri
snowbull_data_credits,,Data source:</b> AquaCache database,Source des données :</b> Base de données AquaCache
snowbull_date,,Snow Bulletin Date,Date du bulletin de neige
snowbull_historical_period,,Historical period for statistics,Période historique pour les statistiques
snowbull_no_snow,,No snow (median is zero),Pas de neige (médiane historique égale à zéro)
snowbull_some_snow,,"Snow present (median is zero)","Neige présente (médiane historique égale à zéro)"
snowbull_no_data,,No data,Aucune donnée
snowbull_percentile_suffix,,th,ème
snow_survey,,Snow survey,Relevé nivométrique
snowbull_snow_pillow,,Snow pillow,Coussin à neige
snowbull_swe_basin,,Basin average SWE,ÉEN moyen du bassin
snowbull_normal,,Normal,Normal
snowbull_average,,Average,Moyenne
snowbull_median,,Median,Médiane
snowbull_reference_period,,reference period,période de référence
communities,,Communities,Communautés
roads,,Roads,Routes
snowbull_symbols,,Symbols,Symboles
snowbull_generate_plot,,Generate plot,Générer le graphique
snowbull_mean_elevation,,Mean elevation,Altitude moyenne
elevation,,Elevation,Altitude
coordinates,,Coordinates,Coordonnées
isocontours,,Isocontours,Isocontours
snowbull_raster,,Gridded Snow Water Equivalent (SWE), Équivalent en eau de neige (ÉEN) en grille
snowbull_raster_disclaimer,, <i>Disclaimer:</i> The gridded SWE layer is created from ERA5 reanalysis data and may differ point measurements.,<i>Avertissement :</i> La couche ÉEN en grille est créée à partir des données de réanalyse ERA5 et peut différer des mesures ponctuelles.
snowbull_to,,to,à
disc_selector_mode,Discrete plot selector mode,Selection mode,Mode de sélection
disc_selector_mode_tooltip,Discrete plot selector mode tooltip,"Guided selectors step through the common plotting filters. Browse samples lets you search a sample table, keep selected rows across pages and filters, then choose parameters from those samples.","Les sélecteurs guidés présentent les filtres courants du graphique étape par étape. Le mode Parcourir les échantillons permet de chercher dans un tableau d'échantillons, de conserver les lignes sélectionnées entre les pages et les filtres, puis de choisir les paramètres mesurés dans ces échantillons."
disc_guided_selectors,Discrete plot guided selector mode,Guided selectors,Sélecteurs guidés
disc_browse_samples,Discrete plot browse selector mode,Table selection,Sélection par tableau
disc_season_filter,Discrete plot seasonal filter toggle,Restrict to season/day-of-year ranges,Limiter aux saisons ou aux jours de l'année
disc_season_highlight,Discrete plot seasonal highlight toggle,Highlight season/day-of-year ranges,Mettre en évidence les saisons ou les jours de l'année
disc_highlighted_ranges,Discrete plot highlighted season metadata label,Highlighted ranges,Intervalles mis en évidence
disc_restricted_ranges,Discrete plot restricted season metadata label,Results restricted to season/day-of-year ranges,Résultats limités aux saisons ou aux jours de l'année
disc_browse_help,Discrete plot browse mode help,"Use the table filters to find samples, then click rows to add them to the selection. Choose the parameters to plot in the sidebar before creating the plot.","Utilisez les filtres du tableau pour trouver des échantillons, puis cliquez sur les lignes pour les ajouter à la sélection. Choisissez les paramètres à tracer dans la barre latérale avant de créer le graphique."
disc_filter_samples_by_parameter,Discrete plot browse sample parameter filter,Show samples with parameter(s),Afficher les échantillons ayant les paramètres
disc_plot_parameters,Discrete plot browse plot parameter selector,Parameters to plot,Paramètres à tracer
disc_doy_range_help,Discrete plot day-of-year range help,"Only the month/day portion of these ranges is used. Use a previous-year start and next-year end for seasons that cross New Year, such as September 1 2000 to June 1 2001.","Seuls le mois et le jour de ces intervalles sont utilisés. Pour les saisons qui traversent le nouvel an, indiquez une date de début dans l'année précédente et une date de fin dans l'année suivante, par exemple du 1 septembre 2000 au 1 juin 2001."
disc_season_range_count,Discrete plot season range count,Number of season ranges,Nombre d'intervalles saisonniers
disc_season_highlight_range_count,Discrete plot highlighted season range count,Number of highlighted season ranges,Nombre d'intervalles saisonniers à mettre en évidence
one,Number word one,One,Un
two,Number word two,Two,Deux
three,Number word three,Three,Trois
four,Number word four,Four,Quatre
disc_ac_guidelines,Discrete plot AquaCache guideline selector,Water quality guidelines,Lignes directrices de qualité de l'eau
season,Season label,Season,Saison
collection_method(s),Collection method selector,Collection method(s),Méthode(s) de prélèvement
result_speciation(s),Result speciation selector,Result speciation(s),Spéciation(s) du résultat
sample_fraction(s),Sample fraction selector,Sample fraction(s),Fraction(s) de l'échantillon
result_value_type(s),Result value type selector,Result value type(s),Type(s) de valeur du résultat
result_type(s),Result type selector,Result type(s),Type(s) de résultat
disc_sample_result_filters,Discrete plot sample/result filter heading,Sample/result filters,Filtres des échantillons/résultats
disc_show_blank_samples,Discrete plot blank sample toggle,Show blank samples,Afficher les blancs
disc_qaqc_show_data,Discrete QA/QC related samples action,Show QA/QC sample data,Afficher les données des échantillons d'AQ/CQ
disc_qaqc_sample_data,Discrete QA/QC related samples heading,QA/QC sample data,Données des échantillons d'AQ/CQ
disc_qaqc_group_links,Discrete QA/QC sample group links label,Group links,Liens de groupe
disc_qaqc_retrieval_error,Discrete QA/QC related samples retrieval error,Could not retrieve linked QA/QC samples:,Impossible de récupérer les échantillons d'AQ/CQ liés :
disc_qaqc_linked_results,Discrete QA/QC linked result count label,Linked QA/QC results:,Résultats d'AQ/CQ liés :
disc_result_components,Discrete component observations label,Result components,Composantes du résultat
disc_duplicate_samples,Discrete plot duplicate sample control,Duplicate/replicate samples,Échantillons en double/réplicats
disc_duplicates_show,Discrete plot duplicate show option,Show individually,Afficher individuellement
disc_duplicates_average,Discrete plot duplicate average option,Average matching samples,Calculer la moyenne des échantillons correspondants
disc_duplicates_hide,Discrete plot duplicate hide option,Hide duplicate/replicate samples,Masquer les échantillons en double/réplicats
disc_no_additional_filters,Discrete plot no additional filters message,No additional filters are available for the current selection.,Aucun filtre supplémentaire n'est disponible pour la sélection actuelle.
disc_more_sample_result_filters,Discrete plot advanced filters accordion,More sample/result filters,Autres filtres des échantillons/résultats
samples,Generic samples label,Samples,Échantillons
disc_selected_samples_parameters,Discrete plot browse selected panel heading,Selected samples and parameters,Échantillons et paramètres sélectionnés
disc_no_samples_match_filters,Discrete plot browse no samples message,No samples match the current filters.,Aucun échantillon ne correspond aux filtres actuels.
sample_id,Sample ID label,Sample ID,ID d'échantillon
id_label,ID label,ID,ID
sample_type,Sample type label,Sample type,Type d'échantillon
collection_method,Collection method label,Collection method,Méthode de prélèvement
results,Results label,Results,Résultats
disc_select_rows_parameter_list,Discrete plot browse parameter hint,Select sample rows to focus this parameter list.,Sélectionnez des lignes d'échantillons pour cibler cette liste de paramètres.
disc_sample_must_include,Discrete plot browse parameter match label,Sample must include,L'échantillon doit inclure
disc_any_selected_parameter,Discrete plot browse any parameter option,Any selected parameter,N'importe quel paramètre sélectionné
disc_all_selected_parameters,Discrete plot browse all parameters option,All selected parameters,Tous les paramètres sélectionnés
disc_no_samples_selected,Discrete plot browse no selected samples,No samples selected.,Aucun échantillon sélectionné.
disc_samples_selected,Discrete plot browse selected sample count,sample(s) selected,échantillon(s) sélectionné(s)
clear,Clear button,Clear,Effacer
remove,Remove button,Remove,Retirer
showing_first,Showing first label,Showing first,Affichage des premiers
selected_samples_lc,Selected samples lowercase,selected samples,échantillons sélectionnés
disc_select_samples_from_table,Discrete plot browse plot validation,Please select one or more samples from the table.,Sélectionnez un ou plusieurs échantillons du tableau.
report_date,EQWin water quality report date,Report date,Date du rapport
report_date_range,AquaCache water quality report date range,Report date range,Période du rapport
workbook_layout,AquaCache report workbook organization,Workbook layout,Organisation du classeur
wq_workbook_by_date,Workbook layout with one worksheet per date,Locations in columns and parameters in rows; one worksheet per date,Stations en colonnes et paramètres en lignes; une feuille par date
wq_workbook_by_location,Workbook layout with one worksheet per location,Parameters in rows and dates in columns; one worksheet per location,Paramètres en lignes et dates en colonnes; une feuille par station
wq_workbook_by_parameter,Workbook layout with one worksheet per parameter,Locations in rows and dates in columns; one worksheet per parameter,Stations en lignes et dates en colonnes; une feuille par paramètre
wq_date_match_window,Days allowed around each target date,Look for data within this many days of each target date,Rechercher des données dans cet intervalle autour de chaque date cible
wq_date_match_window_help,How closest-date sample matching works,For each target date and station use the closest eligible sample within this many days. A sample may be reused for nearby target dates and appear more than once in the workbook.,Pour chaque date cible et station utiliser l'échantillon admissible le plus proche dans cet intervalle. Un même échantillon peut être réutilisé pour des dates cibles rapprochées et apparaître plusieurs fois dans le classeur.
location_groups,EQWin location group choice,Location groups,Groupes de stations
parameter_groups,EQWin parameter group choice,Parameter groups,Groupes de paramètres
wq_station_standards,Apply station-specific standards checkbox,Apply station-specific standards,Appliquer les normes propres à chaque station
data_source,Water quality report data source,Data source,Source des données
aquacache,AquaCache data source label,AquaCache,AquaCache
wq_sd_threshold,Optional standard deviation threshold,Standard deviation threshold; leave blank to skip outlier screening,Seuil d'écart-type; laisser vide pour ne pas rechercher les valeurs aberrantes
wq_sd_start,Start date for standard deviation baseline,Start date for standard deviation calculation,Date de début du calcul de l'écart-type
wq_sd_end,End date for standard deviation baseline,End date for standard deviation calculation,Date de fin du calcul de l'écart-type
wq_sd_day_range,Day of year filter for standard deviation baseline,Select the day-of-year range; the year is ignored,Sélectionner la période de jours de l'année; l'année est ignorée
wq_standard_help,Explanation of optional guideline fields,<p><i><b>Optional:</b> Select standards or guidelines to apply. General standards appear as an additional report column with values for each parameter. Station-specific standards appear as notes for each station. Values that exceed a standard or guideline are highlighted in red and include a note.</i></p>,<p><i><b>Facultatif :</b> Sélectionnez les normes ou recommandations à appliquer. Les normes générales apparaissent dans une colonne supplémentaire du rapport avec une valeur pour chaque paramètre. Les normes propres à une station apparaissent en note pour chaque station. Les valeurs qui dépassent une norme ou une recommandation sont surlignées en rouge et accompagnées d'une note.</i></p>
wq_sd_help,Explanation of optional outlier screening,<p><i><b>Optional:</b> Set a standard deviation threshold to flag potential outliers. The mean and standard deviation are calculated from earlier measurements when available. <b>This calculation can add substantial time to report generation.</b></i></p>,<p><i><b>Facultatif :</b> Définissez un seuil d'écart-type pour signaler les valeurs potentiellement aberrantes. La moyenne et l'écart-type sont calculés à partir des mesures antérieures lorsqu'elles sont disponibles. <b>Ce calcul peut augmenter considérablement le temps de production du rapport.</b></i></p>
wq_loading_guidelines,Loading message while AquaCache guidelines load,Loading AquaCache guidelines…,Chargement des recommandations AquaCache…
wq_select_guidelines,Optional AquaCache guideline selector,Select AquaCache guidelines to apply (optional),Sélectionner les recommandations AquaCache à appliquer (facultatif)
wq_validation_title,Water quality report validation dialog title,Water quality report: check the selections,Rapport sur la qualité de l'eau : vérifier les sélections
wq_validation_intro,Water quality report validation dialog introduction,Correct the following items before generating the report:,Corrigez les éléments suivants avant de produire le rapport :
wq_err_select_configured_eqwin,Error when no configured EQWin database selected,Select a configured EQWin database.,Sélectionnez une base de données EQWin configurée.
wq_err_aquacache_date_range,Invalid AquaCache report date range,Provide a valid AquaCache report date range.,Indiquez une période valide pour le rapport AquaCache.
wq_err_aquacache_layout,Invalid AquaCache workbook layout,Choose a valid AquaCache workbook layout.,Choisissez une organisation de classeur AquaCache valide.
wq_err_report_date,Invalid report date,Provide a valid report date.,Indiquez une date de rapport valide.
wq_err_date_match_days,Invalid number of days for closest-date matching,Days around each target date must be a non-negative whole number.,Le nombre de jours autour de chaque date cible doit être un entier positif ou nul.
wq_err_sd_threshold,Invalid standard deviation threshold,The standard deviation threshold must be greater than zero.,Le seuil d'écart-type doit être supérieur à zéro.
wq_err_sd_dates,Invalid standard deviation calculation dates,The standard deviation start date must be on or before its end date.,La date de début du calcul de l'écart-type doit précéder ou être égale à la date de fin.
wq_err_sd_day_range,Invalid standard deviation day of year range,Provide a valid day-of-year range for the standard deviation filter.,Indiquez une période de jours de l'année valide pour le filtre d'écart-type.
wq_err_aquacache_loading,AquaCache report choices not loaded,AquaCache choices are still loading. Please wait and try again.,Les choix AquaCache sont en cours de chargement. Veuillez patienter et réessayer.
wq_err_aquacache_location_required,AquaCache location selection required,Select at least one AquaCache location.,Sélectionnez au moins une station AquaCache.
wq_err_aquacache_location_invalid,Invalid AquaCache location selection,One or more selected AquaCache locations are invalid.,Une ou plusieurs stations AquaCache sélectionnées ne sont pas valides.
wq_err_aquacache_parameter_required,AquaCache parameter selection required,Select at least one AquaCache parameter.,Sélectionnez au moins un paramètre AquaCache.
wq_err_aquacache_parameter_invalid,Invalid AquaCache parameter selection,One or more selected AquaCache parameters are invalid.,Un ou plusieurs paramètres AquaCache sélectionnés ne sont pas valides.
wq_err_aquacache_guideline_invalid,Invalid AquaCache guideline selection,One or more selected AquaCache guidelines are invalid.,Une ou plusieurs recommandations AquaCache sélectionnées ne sont pas valides.
wq_err_no_eqwin_database,No configured EQWin database available,No configured EQWin database is available.,Aucune base de données EQWin configurée n'est disponible.
wq_err_select_valid_eqwin,EQWin database selection required,Select a valid EQWin database.,Sélectionnez une base de données EQWin valide.
wq_err_select_available_eqwin,Selected EQWin database unavailable,Select an available configured EQWin database.,Sélectionnez une base de données EQWin configurée et accessible.
wq_err_resolve_eqwin_source,EQWin source resolution error prefix,Could not resolve the selected EQWin database:,Impossible de résoudre la base de données EQWin sélectionnée :
wq_err_eqwin_loading,EQWin report choices not loaded,EQWin selections are still loading. Please wait and try again.,Les choix EQWin sont en cours de chargement. Veuillez patienter et réessayer.
wq_err_station_required,EQWin station selection required,Select at least one station or switch to location groups.,Sélectionnez au moins une station ou choisissez les groupes de stations.
wq_err_station_invalid,Invalid EQWin station selection,One or more selected stations are invalid.,Une ou plusieurs stations sélectionnées ne sont pas valides.
wq_err_location_group_required,EQWin location group selection required,Select a location group.,Sélectionnez un groupe de stations.
wq_err_location_group_invalid,Invalid EQWin location group selection,The selected location group is invalid.,Le groupe de stations sélectionné n'est pas valide.
wq_err_location_filter_mode,EQWin location filter choice required,Choose whether to filter by stations or by location groups.,Choisissez si le filtre doit porter sur les stations ou les groupes de stations.
wq_err_parameter_required,EQWin parameter selection required,Select at least one parameter or switch to parameter groups.,Sélectionnez au moins un paramètre ou choisissez les groupes de paramètres.
wq_err_parameter_invalid,Invalid EQWin parameter selection,One or more selected parameters are invalid.,Un ou plusieurs paramètres sélectionnés ne sont pas valides.
wq_err_parameter_group_required,EQWin parameter group selection required,Select a parameter group.,Sélectionnez un groupe de paramètres.
wq_err_parameter_group_invalid,Invalid EQWin parameter group selection,The selected parameter group is invalid.,Le groupe de paramètres sélectionné n'est pas valide.
wq_err_parameter_filter_mode,EQWin parameter filter choice required,Choose whether to filter by parameters or by parameter groups.,Choisissez si le filtre doit porter sur les paramètres ou les groupes de paramètres.
wq_err_standard_invalid,Invalid EQWin standard selection,One or more selected standards are invalid.,Une ou plusieurs normes sélectionnées ne sont pas valides.
wq_err_load_aquacache_choices,Error prefix for loading AquaCache report choices,Unable to load AquaCache report choices:,Impossible de charger les choix de rapport AquaCache :
wq_err_load_eqwin_choices,Error prefix for loading EQWin report choices,Unable to load EQWin report choices:,Impossible de charger les choix de rapport EQWin :
wq_err_no_report_files,Worker error when report generation creates no files,No files were generated for the report.,Aucun fichier n'a été produit pour le rapport.
wq_err_multiple_report_files,Worker error when multiple report files match,Multiple report files were generated where only one was expected.,Plusieurs fichiers de rapport ont été produits alors qu'un seul était attendu.
wq_err_expected_report_file,Worker error when report generation creates unexpected files,Expected a single generated report file.,Un seul fichier de rapport était attendu.
wq_report_sample_reuse_one,AquaCache warning for one reused sample,Closest-date matching reused one sample across target dates.,La correspondance par date la plus proche a réutilisé un échantillon pour plusieurs dates cibles.
wq_report_sample_reuse_many,AquaCache warning for multiple reused samples,Closest-date matching reused %s samples across target dates.,La correspondance par date la plus proche a réutilisé %s échantillons pour plusieurs dates cibles.
wq_report_reuse_worksheets,AquaCache warning about repeated worksheet values,The reused sample may appear in multiple worksheets.,L'échantillon réutilisé peut apparaître dans plusieurs feuilles du classeur.
wq_report_reuse_date_columns,AquaCache warning about repeated date column values,The reused sample may appear in multiple date columns.,L'échantillon réutilisé peut apparaître dans plusieurs colonnes de dates.
wq_report_filename,Downloaded water quality report file name,Water quality report for %s issued %s.xlsx,Rapport sur la qualité de l'eau du %s produit le %s.xlsx
wq_err_generating_prefix,Water quality report generation error prefix,Error generating water quality report:,Erreur lors de la production du rapport sur la qualité de l'eau :
wq_err_download_missing,Generated water quality report file missing,The report was generated but its output file could not be found for download.,Le rapport a été produit mais son fichier de sortie est introuvable pour le téléchargement.
wq_err_download_source_missing,Water quality report source file missing,The generated report file could not be found for download.,Le fichier du rapport produit est introuvable pour le téléchargement.
wq_err_download_copy,Water quality report copy failure,Unable to copy the generated report to the download location.,Impossible de copier le rapport produit vers l'emplacement de téléchargement.
report_validation_intro,Introduction to report validation dialogs,Correct the following items before continuing:,Corrigez les éléments suivants avant de continuer :
report_location_invalid,Invalid selected report locations,One or more selected locations are invalid.,Une ou plusieurs stations sélectionnées ne sont pas valides.
report_end_date_invalid,Invalid report end date,Provide a valid end date.,Indiquez une date de fin valide.
report_plot_type_required,Required report plot type,Select a plot type or turn off plot generation.,Sélectionnez un type de graphique ou désactivez la génération des graphiques.
report_error_no_files,Report worker error when it produces no files,No files were generated for the report.,Aucun fichier n'a été produit pour le rapport.
report_error_multiple_files,Report worker error when multiple files match,Multiple report files were generated where only one was expected.,Plusieurs fichiers de rapport ont été produits alors qu'un seul était attendu.
report_error_single_file_expected,Report worker error when one file was expected,Expected a single generated report file.,Un seul fichier de rapport était attendu.
report_download_archive_missing,Generated report archive missing,The report was generated but its archive could not be found for download.,Le rapport a été produit mais son archive est introuvable pour le téléchargement.
report_download_file_missing,Generated report file missing,The report was generated but its output file could not be found for download.,Le rapport a été produit mais son fichier de sortie est introuvable pour le téléchargement.
report_download_source_missing,Report download source missing,The generated report file could not be found for download.,Le fichier du rapport produit est introuvable pour le téléchargement.
report_download_copy_failed,Report download copy failed,Unable to copy the generated report to the download location.,Impossible de copier le rapport produit vers l'emplacement de téléchargement.
water_info_validation_title,Water quantity report validation dialog title,Water level and flow report: check the selections,Rapport sur le niveau et le débit d'eau : vérifier les sélections
water_info_parameter_required,Water level and flow parameter choice required,Select whether to report water level and flow or only one of them.,Choisissez de produire un rapport sur le niveau et le débit d'eau ou sur un seul de ces paramètres.
water_info_location_required,Water level and flow location choice required,Select at least one station or choose All locations.,Sélectionnez au moins une station ou choisissez Toutes les stations.
water_info_low_flow_months_required,Water level and flow low-flow months required,Select at least one month for the low-flow period.,Sélectionnez au moins un mois pour la période de faibles débits.
water_info_high_flow_months_required,Water level and flow high-flow months required,Select at least one month for the high-flow period.,Sélectionnez au moins un mois pour la période de forts débits.
water_info_missing_data_range,Water level and flow allowed missing data range,Allowed missing data must be a number from 1 to 100.,La proportion de données manquantes doit être un nombre de 1 à 100.
water_info_filename,Water level and flow report download filename,Water level and flow report issued %s.zip,Rapport sur le niveau et le débit d'eau produit le %s.zip
water_info_error_prefix,Water level and flow report generation error prefix,Error generating the water level and flow report:,Erreur lors de la production du rapport sur le niveau et le débit d'eau :
snow_info_validation_title,Snow information report validation dialog title,Snowpack report: check the selections,Rapport sur le manteau neigeux : vérifier les sélections
snow_info_location_required,Snow information location choice required,Select at least one snow survey station or choose All locations.,Sélectionnez au moins une station de mesure de la neige ou choisissez Toutes les stations.
snow_info_filename,Snow information report download filename,Snowpack report issued %s.zip,Rapport sur le manteau neigeux produit le %s.zip
snow_info_error_prefix,Snow information report generation error prefix,Error generating the snowpack report:,Erreur lors de la production du rapport sur le manteau neigeux :
snow_bulletin_validation_title,Snow bulletin report validation dialog title,Snow bulletin: check the selections,Bulletin nivologique : vérifier les sélections
snow_bulletin_output_required,Snow bulletin output mode required,Choose whether to create the bulletin statistics or the bulletin document.,Choisissez de produire les statistiques du bulletin ou le document du bulletin.
snow_bulletin_year_invalid,Invalid year in the snow bulletin report,Select a valid year.,Sélectionnez une année valide.
snow_bulletin_month_invalid,Invalid spring month in the snow bulletin report,Select a valid spring month.,Sélectionnez un mois de printemps valide.
snow_bulletin_basin_required,Snow bulletin basin choice required,Select at least one basin or choose All.,Sélectionnez au moins un bassin ou choisissez Tous.
snow_bulletin_language_required,Snow bulletin document language required,Select a report language.,Sélectionnez la langue du rapport.
snow_bulletin_precip_period_required,Snow bulletin precipitation comparison period required,Select a precipitation comparison period.,Sélectionnez une période de comparaison des précipitations.
snow_bulletin_cddf_period_required,Snow bulletin CDDF comparison period required,Select a comparison period for cumulative degree days of frost.,Sélectionnez une période de comparaison des degrés-jours cumulés de gel.
snow_bulletin_scale_range,Snow bulletin plot scale range,Plot scale must be a number from 0.5 to 3.,"L'échelle des graphiques doit être un nombre de 0,5 à 3."
snow_bulletin_stats_filename,Snow bulletin statistics download filename,Snow bulletin statistics issued %s.zip,Statistiques du bulletin nivologique produites le %s.zip
snow_bulletin_filename,Snow bulletin document download filename,Snow bulletin issued %s.docx,Bulletin nivologique produit le %s.docx
snow_bulletin_error_prefix,Snow bulletin generation error prefix,Error generating the snow bulletin:,Erreur lors de la production du bulletin nivologique :
water_temp_highlight_range,Water temperature report highlighted date range,Highlight range,Période mise en évidence
water_temp_recent_year,Water temperature report latest year shortcut,Highlight the most recent year,Mettre en évidence l'année la plus récente
water_temp_thresholds,Water temperature report temperature thresholds,Temperature thresholds,Seuils de température
water_temp_plot_description,Water temperature report plot key description,Plot description,Description du graphique
water_temp_plot_highlighted_mean,Water temperature report highlighted mean legend,Blue line: mean temperature during the highlighted period,Ligne bleue : température moyenne pendant la période mise en évidence
water_temp_plot_baseline_mean,Water temperature report baseline mean legend,Grey line: mean temperature outside the highlighted period,Ligne grise : température moyenne hors de la période mise en évidence
water_temp_plot_baseline_range,Water temperature report baseline range legend,Grey band: temperature range outside the highlighted period,Bande grise : plage de températures hors de la période mise en évidence
water_temp_create_figures,Water temperature report plot creation button,Create report figures,Créer les graphiques du rapport
water_temp_creating_figures,Water temperature report plot creation busy label,Creating figures…,Création des graphiques…
water_temp_report_figures,Water temperature report figures heading,Report figures,Graphiques du rapport
generate_report,Water temperature report generation button,Generate report,Produire le rapport
water_temp_selected_site,Fallback site name in water temperature report,Selected station,Station sélectionnée
water_temp_report_bundle,Water temperature report bundle filename suffix,Water temperature report,rapport de température de l'eau
water_temp_no_data,Water temperature report has no data for the selection,No water temperature data were found for the selected time series and date range.,Aucune donnée de température de l'eau n'a été trouvée pour la série chronologique et la période sélectionnées.
water_temp_daily_mean,Water temperature report daily mean plot title,Daily mean temperature,Température moyenne quotidienne
water_temp_daily_max,Water temperature report daily maximum plot title,Daily maximum temperature,Température maximale quotidienne
water_temp_seven_day_max,Water temperature report seven day rolling maximum plot title,Seven-day rolling average of daily maximum temperature,Moyenne mobile sur sept jours de la température maximale quotidienne
temperature_c,Water temperature report plot vertical axis,Temperature (°C),Température (°C)
water_temp_timeseries_required,Water temperature report requires a selected time series,Select a water temperature time series from the table before creating report figures.,Sélectionnez une série chronologique de température de l'eau dans le tableau avant de créer les graphiques du rapport.
water_temp_date_range_invalid,Invalid water temperature report date range,Provide a valid report date range.,Indiquez une période de rapport valide.
water_temp_highlight_range_invalid,Invalid water temperature highlighted date range,Provide a valid highlight date range.,Indiquez une période valide pour la mise en évidence.
water_temp_highlight_within_report,Water temperature highlight range must be within report dates,The highlighted date range must fall within the report date range.,La période mise en évidence doit être comprise dans la période du rapport.
water_temp_validation_title,Water temperature figure validation dialog title,Water temperature figures: check the selections,Graphiques de température de l'eau : vérifier les sélections
water_temp_plot_error_prefix,Water temperature plot generation error prefix,Error creating water temperature figures:,Erreur lors de la création des graphiques de température de l'eau :
water_temp_report_error_prefix,Water temperature report generation error prefix,Error generating the water temperature report:,Erreur lors de la production du rapport de température de l'eau :
water_temp_template_missing,Water temperature report template is missing,The water temperature report template could not be found.,Le modèle du rapport de température de l'eau est introuvable.
water_temp_template_stage_error,Water temperature report template staging failed,Unable to prepare the water temperature report template.,Impossible de préparer le modèle du rapport de température de l'eau.
flood_main,Main flood dashboard controls,Dashboard controls,Paramètres du tableau de bord
advanced_settings,Advanced flood dashboard controls,Advanced settings,Paramètres avancés
community,Community selection,Community,Collectivité
flood_community_help,Community control help,Select the community whose stations and summary data are shown.,Sélectionnez la collectivité dont les stations et les données sommaires seront affichées.
flood_layout,Dashboard panel layout,Panel layout,Disposition des panneaux
flood_layout_help,Dashboard panel layout help,Choose a compact two-column layout or a single column.,Choisissez une disposition compacte sur deux colonnes ou sur une seule colonne.
flood_layout_compact,Compact dashboard layout,Compact,Compacte
flood_layout_single_column,Single-column dashboard layout,Single column,Une colonne
flood_past_weeks,Number of weeks before reference time,Weeks before reference time,Semaines avant l'heure de référence
flood_past_weeks_help,Past time window help,Number of weeks shown before the reference time.,Nombre de semaines affichées avant l'heure de référence.
reference_time,Dashboard reference time,Reference time,Heure de référence
flood_reference_time_help,Reference time control help,Use a past reference time to review conditions as they appeared then.,Choisissez une heure passée pour examiner les conditions telles qu'elles étaient à ce moment.
flood_future_weeks,Number of weeks after reference time,Weeks after reference time,Semaines après l'heure de référence
flood_future_weeks_help,Future time window help,Number of weeks shown after the reference time.,Nombre de semaines affichées après l'heure de référence.
flood_export,Dashboard report export control,Export report,Exporter le rapport
flood_parameter_help,Dashboard parameter selector help,Choose the water or snow variable to summarize and plot.,Choisissez la variable sur l'eau ou la neige à résumer et à représenter.
flood_parameter_placeholder,Dashboard parameter selector placeholder,Select a parameter,Sélectionnez un paramètre
water_level,Water level parameter choice,Water level,Niveau d'eau
water_flow,Water flow parameter choice,Water flow,Débit d'eau
air_temperature,Air temperature parameter choice,Air temperature,Température de l'air
flood_parameter_fdd,Freezing degree days parameter choice,Freezing degree days (FDD),Degrés-jours de gel (FDD)
flood_parameter_ddt,Thawing degree days parameter choice,Thawing degree days (DDT),Degrés-jours de dégel (DDT)
flood_parameter_swe_pillow,Snow pillow water equivalent parameter choice,Snow water equivalent (snow pillow),Équivalent en eau de la neige (coussin nivométrique)
flood_parameter_depth_pillow,Snow pillow snow depth parameter choice,Snow depth (snow pillow),Épaisseur de neige (coussin nivométrique)
flood_parameter_swe_survey,Snow survey water equivalent parameter choice,Snow water equivalent (survey),Équivalent en eau de la neige (mesure sur le terrain)
flood_parameter_depth_survey,Snow survey snow depth parameter choice,Snow depth (survey),Épaisseur de neige (mesure sur le terrain)
flood_historical_traces,Historical data traces selector,Historical traces,Tracés historiques
flood_primary_historical_help,Primary historical traces help,Select years to overlay on the primary station plot.,Sélectionnez les années à superposer au graphique de la station principale.
flood_secondary_historical_help,Secondary historical traces help,Select years to overlay on the secondary station plot.,Sélectionnez les années à superposer au graphique de la station secondaire.
flood_years_placeholder,Historical years selector placeholder,Select years,Sélectionnez des années
station,Station selector,Station,Station
flood_primary_station_help,Primary station selector help,Select the station for the primary plot and summary.,Sélectionnez la station du graphique et du résumé principaux.
flood_secondary_station_help,Secondary station selector help,Select an optional station for a second variable.,Sélectionnez une station facultative pour afficher une deuxième variable.
flood_station_placeholder,Station selector placeholder,Select a station,Sélectionnez une station
flood_summary_mode,Summary table mode selector,Summary view,Vue du résumé
flood_summary_mode_help,Summary table mode help,Choose a recent summary or a comparison with recent or historical conditions.,Choisissez un résumé récent ou une comparaison avec les conditions récentes ou historiques.
flood_summary_relative,Recent conditions summary,Recent conditions,Conditions récentes
flood_summary_changes,Recent changes summary,Changes over recent periods,Variations au cours des périodes récentes
flood_summary_historical,Historical comparison summary,Compared with historical conditions,Comparaison avec les conditions historiques
flood_summary_surveys,Snow survey summary,Snow surveys,Relevés nivométriques
flood_mode_placeholder,Summary view selector placeholder,Select a summary view,Sélectionnez une vue du résumé
flood_show_legend,Show plot legend,Show legend,Afficher la légende
flood_show_legend_help,Plot legend help,Show or hide the legend for the station plot.,Afficher ou masquer la légende du graphique de la station.
flood_label_traces,Label historical traces,Label traces,Étiqueter les tracés
flood_label_traces_help,Historical trace labels help,Show the year beside each historical trace.,Afficher l'année à côté de chaque tracé historique.
flood_filter_upstream,Show upstream gauges,Show upstream gauges,Afficher les stations en amont
flood_filter_upstream_help,Upstream gauge filter help,Include upstream gauges identified by encoding 2 in the station choices.,Inclure dans les choix les stations en amont identifiées par le code 2.
flood_precip_accumulation,Precipitation accumulation period,Accumulation period,Période d'accumulation
flood_precip_accumulation_help,Precipitation accumulation help,Choose the rolling period used to calculate precipitation totals.,Choisissez la période mobile utilisée pour calculer les précipitations cumulées.
flood_accumulation_placeholder,Precipitation accumulation selector placeholder,Select a period,Sélectionnez une période
flood_accumulation_week,One-week precipitation accumulation,1 week,1 semaine
flood_secondary_parameter,Secondary plot parameter selector,Second parameter,Deuxième paramètre
flood_secondary_parameter_help,Secondary plot parameter help,Choose an optional second variable to plot alongside the primary variable.,Choisissez une deuxième variable facultative à tracer avec la variable principale.
flood_summary,Station summary card heading,Station summary,Résumé des stations
flood_station_map_heading,Station map card heading,Station map,Carte des stations
flood_images,Community image series heading,Community images,Images de la collectivité
flood_no_images,No image timestamp label,No images available,Aucune image disponible
flood_image_location_help,Image series selector help,Select an image series by station.,Sélectionnez une série d'images par station.
flood_previous_image_help,Previous image button help,Show the previous image in this series.,Afficher l'image précédente de cette série.
flood_next_image_help,Next image button help,Show the next image in this series.,Afficher l'image suivante de cette série.
flood_image_connection_unavailable,Image panel connection unavailable,Image series are unavailable because the database connection is not active.,Les séries d'images ne sont pas disponibles car la connexion à la base de données est inactive.
flood_recent_images_unavailable,Recent images unavailable,No images are available for this station.,Aucune image n'est disponible pour cette station.
flood_image_bytes_unavailable,Image content unavailable,The selected image content is unavailable.,Le contenu de l'image sélectionnée est indisponible.
flood_image_render_error,Image could not be displayed,The selected image could not be displayed.,L'image sélectionnée n'a pas pu être affichée.
flood_no_stations_available,No stations available,No stations are available for the selected community and parameter.,Aucune station n'est disponible pour la collectivité et le paramètre sélectionnés.
flood_no_stations_for_filters,No stations match current filters,No stations match the selected filters.,Aucune station ne correspond aux filtres sélectionnés.
flood_precipitation_display,Precipitation plot label with accumulation period,Precipitation total over %s,Précipitations cumulées sur %s
flood_precipitation_axis,Precipitation plot vertical axis label,"Precipitation total over %s (mm)",Précipitations cumulées sur %s (mm)
message,Summary table message column,Message,Message
flood_col_last_reading,Summary table last reading time column,Last reading (UTC−7),Dernière lecture (UTC−7)
flood_col_7_day,Seven-day precipitation total column,7-day total (mm),Total sur 7 jours (mm)
flood_col_1_month,One-month precipitation total column,1-month total (mm),Total sur 1 mois (mm)
flood_col_6_month,Six-month precipitation total column,6-month total (mm),Total sur 6 mois (mm)
flood_col_data_age,Summary table data age column,Data age (h),Âge des données (h)
flood_col_historical_median,Summary table historical median column,Historical median,Médiane historique
flood_col_most_recent_month,Summary table latest month column,Most recent month,Mois le plus récent
flood_col_most_recent_value,Summary table latest value column,Most recent value,Valeur la plus récente
flood_col_mar_1,March first-day value column,Mar 1,1er mars
flood_col_apr_1,April first-day value column,Apr 1,1er avril
flood_col_may_1,May first-day value column,May 1,1er mai
flood_col_latest,Latest summary value column,Latest,Plus récent
flood_latest_sample,Fallback label when no March April or May value exists,Latest sample,Dernier échantillon
flood_col_percentile,Summary percentile column,Percentile,Percentile
flood_col_relative_historical,Relative-to-historical percentage column,Relative to historical (%),Par rapport à l'historique (%)
flood_col_24_hour_pct,24-hour change percentage column,24-hour change (%),Variation sur 24 h (%)
flood_col_48_hour_pct,48-hour change percentage column,48-hour change (%),Variation sur 48 h (%)
flood_col_1_week_pct,One-week change percentage column,1-week change (%),Variation sur 1 semaine (%)
flood_col_24_hour_change,24-hour change column,24-hour change,Variation sur 24 h
flood_col_48_hour_change,48-hour change column,48-hour change,Variation sur 48 h
flood_col_1_week_change,One-week change column,1-week change,Variation sur 1 semaine
flood_no_data,Plot message when there are no observations for a station,No data are available for %s.,Aucune donnée n'est disponible pour %s.
flood_no_plottable_data,Plot message when observations cannot be plotted,No plottable data are available for %s.,Aucune donnée exploitable n'est disponible pour %s.
flood_plot_no_data,Plot title when a station has no observations,No data for %s (%s),Aucune donnée pour %s (%s)
flood_observed,Observed plot trace name,Observed,Données observées
flood_observed_hover,Observed plot hover label,Observed: %{y:.3f},Valeur observée : %{y:.3f}
flood_observed_accumulation,Observed precipitation accumulation trace name,Observed %s accumulation,Précipitations cumulées observées sur %s
flood_daily_observed,Daily observed plot trace name,Daily observed,Données journalières observées
flood_low_label,Plot low-value annotation label,Low,Valeur basse
flood_high_label,Plot high-value annotation label,High,Valeur haute
flood_station_plot_title,Station plot panel title,Station plot,Graphique de la station
flood_plot_stale,Message shown when plot inputs change,Plot inputs changed. Click Create plot to refresh.,Les paramètres du graphique ont changé. Cliquez sur Créer le graphique pour l'actualiser.
flood_plot_choose,Initial station plot guidance,Choose parameters and stations then click Create plot.,Choisissez les paramètres et les stations puis cliquez sur Créer le graphique.
flood_plot_no_selected_data,Plot message when the selected station and parameter have no data,No data are available for the selected station and parameter.,Aucune donnée n'est disponible pour la station et le paramètre sélectionnés.
flood_table_no_data,Export message when a summary table has no rows,No table data are available.,Aucune donnée n'est disponible dans le tableau.
flood_plots_no_data,Export message when plots cannot be generated,No plots are available for this parameter in the selected community.,Aucun graphique n'est disponible pour ce paramètre dans la collectivité sélectionnée.
flood_images_no_data,Export message when no community image series exist,No image series are available for this community.,Aucune série d'images n'est disponible pour cette collectivité.
flood_latest_image,Latest community image timestamp label,Latest image,Image la plus récente
flood_report_title,HTML dashboard report title,Flood dashboard report,Rapport du tableau de bord des inondations
flood_col_generated,HTML dashboard report generation timestamp label,Generated,Produit le
flood_map,HTML dashboard report map heading,Map,Carte
flood_no_map_data,HTML dashboard report missing map message,No map data are available for this community.,Aucune donnée cartographique n'est disponible pour cette collectivité.
flood_col_table,HTML dashboard report table heading,Table,Tableau
flood_map_legend,Station map legend heading,Legend,Légende
flood_upstream_gauge,Station map upstream gauge category,Upstream gauge (encoding 2),Station en amont (code 2)
hydrometric,Station map hydrometric station category,Hydrometric,Hydrométrique
meteorological,Station map meteorological station category,Meteorological,Météorologique
other,Station map other station category,Other,Autre
flood_gauge_images,Station map gauge image series category,Gauge image series,Série d'images de la station
flood_popup_no_parameters,Station map no supported parameter message,No supported parameters,Aucun paramètre pris en charge
flood_popup_basin,Basin popup basin name label,Basin,Bassin versant
flood_popup_station_name,Station popup station name label,Station name,Nom de la station
flood_popup_image_station,Image popup station name label,Image station,Station d'images
flood_popup_image_series_id,Image popup image series identifier label,Image series ID,Identifiant de la série d'images
flood_unknown_station,Fallback name for station with no name,Unknown station,Station inconnue
wq_report_dates,Multiple target dates for AquaCache report,Report dates,Dates du rapport
wq_add_report_date,Add one selected target date,Add date,Ajouter la date
wq_date_approx_mode,Choose shared or per-date matching window,Date matching window,Marge de correspondance des dates
wq_date_approx_shared,Shared date matching window,Use one value for all dates,Utiliser une valeur pour toutes les dates
wq_date_approx_per_date,Per-date matching window,Set a value for each date,Définir une valeur pour chaque date
wq_date_approx_for_date,Per-date date matching window,Days around %s,Jours autour du %s
wq_matrix_states,Matrix state selector,Matrix state(s),État(s) de la matrice
wq_err_aquacache_dates,Invalid AquaCache report date selection,Select one or more valid AquaCache report dates.,Sélectionnez une ou plusieurs dates valides pour le rapport AquaCache.
wq_err_matrix_state_invalid,Invalid matrix-state selection,One or more selected matrix states are invalid.,Un ou plusieurs états de matrice sélectionnés ne sont pas valides.
wq_err_sample_fraction_invalid,Invalid sample-fraction selection,One or more selected sample fractions are invalid.,Une ou plusieurs fractions d'échantillon sélectionnées ne sont pas valides.
wq_tooltip_data_source,Data-source selector help,Choose AquaCache for YGwater database data or EQWin to use a configured EQWin database file.,Choisissez AquaCache pour les données de la base YGwater ou EQWin pour utiliser un fichier de base de données EQWin configuré.
wq_tooltip_eqwin_source,EQWin database selector help,Select the configured EQWin database file to use for this report.,Sélectionnez le fichier de base de données EQWin configuré à utiliser pour ce rapport.
wq_tooltip_report_date_eq,EQWin target-date help,Choose the target date for the EQWin report. Data may come from a nearby sample within the matching window.,Choisissez la date cible du rapport EQWin. Les données peuvent provenir d'un échantillon voisin dans la marge de correspondance.
wq_tooltip_report_date_ac,AquaCache target-date help,Choose an individual target date then click Add date. Add each date you want in the report; this is not a date range.,Choisissez une date cible puis cliquez sur Ajouter la date. Ajoutez chaque date à inclure dans le rapport; il ne s'agit pas d'une période.
wq_date_not_added_warning,Reminder for AquaCache target date,This date is not in your report yet. Click Add date to include it.,Cette date n'est pas encore dans votre rapport. Cliquez sur Ajouter la date pour l'inclure.
wq_tooltip_add_report_date,Add-date button help,Add the selected Report date to Report dates. You can add several dates; duplicates are ignored.,Ajoutez la date du rapport sélectionnée aux dates du rapport. Vous pouvez ajouter plusieurs dates; les doublons sont ignorés.
wq_tooltip_report_dates,Report-dates selector help,These are the target dates included in the AquaCache report. Remove a date with its x; the dates do not form a continuous range.,Ces dates cibles sont incluses dans le rapport AquaCache. Supprimez une date avec son x; les dates ne forment pas une période continue.
wq_tooltip_date_approx_mode,Date-matching mode help,Use one matching window for every report date or set a different window for each date.,Utilisez la même marge de correspondance pour toutes les dates du rapport ou définissez une marge différente pour chaque date.
wq_tooltip_date_match_window,Date-matching window help,Number of days before or after each target date to search. The closest sample date with results matching the selected parameters and sample filters is used. Enter 0 to require an exact date.,Nombre de jours avant ou après chaque date cible où rechercher des données. La date d'échantillon la plus proche avec des résultats correspondant aux paramètres et filtres d'échantillon sélectionnés est utilisée. Saisissez 0 pour exiger une date exacte.
wq_tooltip_workbook_layout,Workbook-layout selector help,"Choose whether each worksheet covers one date, one location, or one parameter. The option descriptions explain the row and column arrangement.","Choisissez si chaque feuille porte sur une date, un emplacement ou un paramètre. Les descriptions précisent l'organisation des lignes et des colonnes."
wq_tooltip_locations,Location selector help,Select one or more locations to include in the report.,Sélectionnez un ou plusieurs emplacements à inclure dans le rapport.
wq_tooltip_parameters,Parameter selector help,Choose parameters to include. Choices match results at the sample dates the report will use and update with your matrix-state and sample-fraction selections.,Choisissez les paramètres à inclure. Les choix correspondent aux résultats des dates d'échantillon utilisées par le rapport et sont mis à jour selon les matrices et fractions sélectionnées.
wq_tooltip_matrix_states,Matrix-state selector help,Limit results to selected sample matrices such as water or sediment. Choices are limited by the selected parameters and sample fractions; leave blank to include all available matrices.,"Limitez les résultats aux matrices sélectionnées, comme l'eau ou les sédiments. Les choix sont filtrés selon les paramètres et les fractions sélectionnés; laissez vide pour inclure toutes les matrices disponibles."
wq_tooltip_sample_fractions,Sample-fraction selector help,Limit results to selected fractions such as dissolved or total. Choices are limited by the selected parameters and matrix states; leave blank to include all available fractions.,"Limitez les résultats aux fractions sélectionnées, comme dissoute ou totale. Les choix sont filtrés selon les paramètres et les matrices sélectionnés; laissez vide pour inclure toutes les fractions disponibles."
wq_tooltip_guidelines,Guideline selector help,Choose the applicable guidelines to include in the workbook. The choices depend on the selected dates locations parameters and sample filters.,Choisissez les recommandations applicables à inclure dans le classeur. Les choix dépendent des dates emplacements paramètres et filtres d'échantillon sélectionnés.
